Protocollo;Gruppo;DataOraIncidente;Localizzazione1;STRADA1;Localizzazione2;STRADA2;Strada02;Chilometrica;DaSpecificare;NaturaIncidente;particolaritastrade;TipoStrada;FondoStradale;Pavimentazione;Segnaletica;CondizioneAtmosferica;Traffico;Visibilita;Illuminazione;NUM_FERITI;NUM_RISERVATA;NUM_MORTI;NUM_ILLESI;Longitudine;Latitudine;Confermato;Progressivo;TipoVeicolo;StatoVeicolo;TipoPersona;Sesso;Tipolesione;Deceduto;DecedutoDopo;CinturaCascoUtilizzato;Airbag
1858148;10;14/12/2010 08:05;Strada Urbana;VIA MASO FINIGUERRA;all'intersezione con;VIA GAETANO LODI;VIA GAETANO LODI;;;Scontro frontale/laterale DX fra veicoli in marcia;Incrocio;Una carreggiata a doppio senso;Asciutto;Asfaltata;Verticale ed orizzontale;Sereno;Normale;Buona;Ore Diurne;0;0;0;4;;;-1;2;Autovettura privata;In marcia / fermata / arresto;Passeggero;M;Illeso;0;;Non utilizzato;Inesploso
1858148;10;14/12/2010 08:05;Strada Urbana;VIA MASO FINIGUERRA;all'intersezione con;VIA GAETANO LODI;VIA GAETANO LODI;;;Scontro frontale/laterale DX fra veicoli in marcia;Incrocio;Una carreggiata a doppio senso;Asciutto;Asfaltata;Verticale ed orizzontale;Sereno;Normale;Buona;Ore Diurne;0;0;0;4;;;-1;2;Autovettura privata;In marcia / fermata / arresto;Passeggero;F;Illeso;0;;Non utilizzato;Inesploso
1858149;10;14/12/2010 11:15;Strada Urbana;VIA TUSCOLANA;in prossimità;;del civico n. ;1310;;Scontro laterale fra veicoli in marcia;Rettilineo;Due carreggiate;Asciutto;Asfaltata;Orizzontale;Sereno;Normale;Buona;Ore Diurne;0;0;0;4;;;-1;1;Autovettura privata;In marcia / fermata / arresto;Conducente;F;Illeso;0;;Non accertato;Inesistente
1858149;10;14/12/2010 11:15;Strada Urbana;VIA TUSCOLANA;in prossimità;;del civico n. ;1310;;Scontro laterale fra veicoli in marcia;Rettilineo;Due carreggiate;Asciutto;Asfaltata;Orizzontale;Sereno;Normale;Buona;Ore Diurne;0;0;0;4;;;-1;1;Autovettura privata;In marcia / fermata / arresto;Passeggero;M;Illeso;0;;Non accertato;Inesistente
1858149;10;14/12/2010 11:15;Strada Urbana;VIA TUSCOLANA;in prossimità;;del civico n. ;1310;;Scontro laterale fra veicoli in marcia;Rettilineo;Due carreggiate;Asciutto;Asfaltata;Orizzontale;Sereno;Normale;Buona;Ore Diurne;0;0;0;4;;;-1;1;Autovettura privata;In marcia / fermata / arresto;Passeggero;F;Illeso;0;;Non accertato;Inesistente
1858149;10;14/12/2010 11:15;Strada Urbana;VIA TUSCOLANA;in prossimità;;del civico n. ;1310;;Scontro laterale fra veicoli in marcia;Rettilineo;Due carreggiate;Asciutto;Asfaltata;Orizzontale;Sereno;Normale;Buona;Ore Diurne;0;0;0;4;;;-1;2;Autocarro inferiore 35 q.;In marcia / fermata / arresto;Conducente;M;Illeso;0;;Non accertato;Inesistente
1858150;10;14/12/2010 12:30;Strada Urbana;VIA APPIA NUOVA;da specificare;;;;fronte civico 1246;Scontro laterale fra veicoli in marcia;Rettilineo;Una carreggiata a senso unico di marcia;Asciutto;Asfaltata;Verticale ed orizzontale;Sereno;Normale;Buona;Ore Diurne;1;0;0;1;;;-1;1;Autovettura privata;In marcia / fermata / arresto;Conducente;M;Illeso;0;;Non accertato;Inesploso
1858150;10;14/12/2010 12:30;Strada Urbana;VIA APPIA NUOVA;da specificare;;;;fronte civico 1246;Scontro laterale fra veicoli in marcia;Rettilineo;Una carreggiata a senso unico di marcia;Asciutto;Asfaltata;Verticale ed orizzontale;Sereno;Normale;Buona;Ore Diurne;1;0;0;1;;;-1;2;Motociclo a solo;In marcia / fermata / arresto;Conducente;M;Rimandato;0;NON DECEDUTO;Non accertato;Inesistente
1858151;10;14/12/2010 15:25;Strada Urbana;VIA VALERIO PUBLICOLA;all'intersezione con;VIA MARCO VALERIO CORVO;VIA MARCO VALERIO CORVO;;;Scontro frontale/laterale DX fra veicoli in marcia;Incrocio;Una carreggiata a senso unico di marcia;Asciutto;Asfaltata;Verticale ed orizzontale;Sereno;Normale;Buona;Ore Diurne;1;0;0;1;;;-1;1;Autovettura privata;In marcia / fermata / arresto;Conducente;M;Rimandato;0;NON DECEDUTO;Non accertato;Inesploso
1858151;10;14/12/2010 15:25;Strada Urbana;VIA VALERIO PUBLICOLA;all'intersezione con;VIA MARCO VALERIO CORVO;VIA MARCO VALERIO CORVO;;;Scontro frontale/laterale DX fra veicoli in marcia;Incrocio;Una carreggiata a senso unico di marcia;Asciutto;Asfaltata;Verticale ed orizzontale;Sereno;Normale;Buona;Ore Diurne;1;0;0;1;;;-1;2;Autovettura privata;In marcia / fermata / arresto;Conducente;M;Illeso;0;;Non accertato;Inesploso
1858152;10;15/12/2010 07:50;Strada Urbana;VIA DI TOR VERGATA;in corrispondenza;;del civico n. ;424;;Scontro frontale/laterale DX fra veicoli in marcia;Rettilineo;Una carreggiata a doppio senso;Asciutto;Asfaltata;Assente;Sereno;Normale;Buona;Ore Diurne;0;0;0;2;;;-1;1;Autovettura privata;In marcia / fermata / arresto;Conducente;M;Illeso;0;;Non accertato;Inesistente
1858152;10;15/12/2010 07:50;Strada Urbana;VIA DI TOR VERGATA;in corrispondenza;;del civico n. ;424;;Scontro frontale/laterale DX fra veicoli in marcia;Rettilineo;Una carreggiata a doppio senso;Asciutto;Asfaltata;Assente;Sereno;Normale;Buona;Ore Diurne;0;0;0;2;;;-1;2;Autovettura privata;In marcia / fermata / arresto;Conducente;M;Illeso;0;;Non accertato;Inesistente
1858153;10;15/12/2010 08:30;Strada Urbana;VIA DEL QUADRARO;all'intersezione con;VIA SELINUNTE;VIA SELINUNTE;;;Scontro frontale/laterale DX fra veicoli in marcia;Incrocio;Una carreggiata a doppio senso;Asciutto;Asfaltata;Verticale ed orizzontale;Sereno;Intenso;Buona;Ore Diurne;1;0;0;1;;;-1;1;Motociclo a solo;In marcia / fermata / arresto;Conducente;M;Rimandato;0;NON DECEDUTO;Non accertato;Inesistente
1858153;10;15/12/2010 08:30;Strada Urbana;VIA DEL QUADRARO;all'intersezione con;VIA SELINUNTE;VIA SELINUNTE;;;Scontro frontale/laterale DX fra veicoli in marcia;Incrocio;Una carreggiata a doppio senso;Asciutto;Asfaltata;Verticale ed orizzontale;Sereno;Intenso;Buona;Ore Diurne;1;0;0;1;;;-1;2;Autovettura privata;In marcia / fermata / arresto;Conducente;F;Illeso;0;;Non accertato;Inesistente
1858154;10;15/12/2010 08:40;Strada Urbana;VIA DI PASSO LOMBARDO;all'intersezione con;VIA CASTIGLIONE DI SICILIA;VIA CASTIGLIONE DI SICILIA;;;Scontro frontale/laterale DX fra veicoli in marcia;Incrocio;Una carreggiata a doppio senso;Asciutto;Asfaltata;Assente;Sereno;Scarso;Buona;Ore Diurne;0;0;0;2;;;-1;1;Autovettura privata;In marcia / fermata / arresto;Conducente;M;Illeso;0;;Utilizzato;Inesistente
1858154;10;15/12/2010 08:40;Strada Urbana;VIA DI PASSO LOMBARDO;all'intersezione con;VIA CASTIGLIONE DI SICILIA;VIA CASTIGLIONE DI SICILIA;;;Scontro frontale/laterale DX fra veicoli in marcia;Incrocio;Una carreggiata a doppio senso;Asciutto;Asfaltata;Assente;Sereno;Scarso;Buona;Ore Diurne;0;0;0;2;;;-1;2;Autovettura privata;In marcia / fermata / arresto;Conducente;F;Illeso;0;;Utilizzato;Inesistente
1858155;10;15/12/2010 10:00;Strada Urbana;VIA DI TOR VERGATA;all'intersezione con;VIA TUSCOLANA;VIA TUSCOLANA;;;Tamponamento;Incrocio;Una carreggiata a doppio senso;Asciutto;Asfaltata;Assente;Sereno;Normale;Sufficiente;Ore Diurne;0;0;0;2;;;-1;1;Autobus di linea;In marcia / fermata / arresto;Conducente;M;Illeso;0;;Non accertato;Inesistente
1858155;10;15/12/2010 10:00;Strada Urbana;VIA DI TOR VERGATA;all'intersezione con;VIA TUSCOLANA;VIA TUSCOLANA;;;Tamponamento;Incrocio;Una carreggiata a doppio senso;Asciutto;Asfaltata;Assente;Sereno;Normale;Sufficiente;Ore Diurne;0;0;0;2;;;-1;2;Autovettura privata;In marcia / fermata / arresto;Conducente;M;Illeso;0;;Non accertato;Inesistente
1858156;10;15/12/2010 10:15;Strada Urbana;VIA GASPERINA;all'intersezione con;VIA CROPANI;VIA CROPANI;;;Scontro frontale/laterale DX fra veicoli in marcia;Incrocio;Una carreggiata a doppio senso;Asciutto;Asfaltata;Verticale ed orizzontale;Sereno;Normale;Buona;Ore Diurne;1;0;0;1;;;-1;1;Autovettura privata;In marcia / fermata / arresto;Conducente;M;Illeso;0;;Non accertato;Inesistente
1858156;10;15/12/2010 10:15;Strada Urbana;VIA GASPERINA;all'intersezione con;VIA CROPANI;VIA CROPANI;;;Scontro frontale/laterale DX fra veicoli in marcia;Incrocio;Una carreggiata a doppio senso;Asciutto;Asfaltata;Verticale ed orizzontale;Sereno;Normale;Buona;Ore Diurne;1;0;0;1;;;-1;2;Autovettura privata;In marcia / fermata / arresto;Conducente;M;Rimandato;0;NON DECEDUTO;Non accertato;Inesistente
1858157;10;15/12/2010 11:25;Strada Urbana;VIA VALERIO PUBLICOLA;all'intersezione con;VIA MARCO VALERIO CORVO;VIA MARCO VALERIO CORVO;;;Scontro frontale/laterale DX fra veicoli in marcia;Incrocio;Una carreggiata a senso unico di marcia;Asciutto;Asfaltata;Verticale ed orizzontale;Sereno;Normale;Buona;Ore Diurne;0;0;0;3;;;-1;1;Autovettura privata;In marcia / fermata / arresto;Conducente;M;Illeso;0;;Non accertato;Inesistente
1858157;10;15/12/2010 11:25;Strada Urbana;VIA VALERIO PUBLICOLA;all'intersezione con;VIA MARCO VALERIO CORVO;VIA MARCO VALERIO CORVO;;;Scontro frontale/laterale DX fra veicoli in marcia;Incrocio;Una carreggiata a senso unico di marcia;Asciutto;Asfaltata;Verticale ed orizzontale;Sereno;Normale;Buona;Ore Diurne;0;0;0;3;;;-1;1;Autovettura privata;In marcia / fermata / arresto;Passeggero;F;Illeso;0;;Non accertato;Inesistente
1858157;10;15/12/2010 11:25;Strada Urbana;VIA VALERIO PUBLICOLA;all'intersezione con;VIA MARCO VALERIO CORVO;VIA MARCO VALERIO CORVO;;;Scontro frontale/laterale DX fra veicoli in marcia;Incrocio;Una carreggiata a senso unico di marcia;Asciutto;Asfaltata;Verticale ed orizzontale;Sereno;Normale;Buona;Ore Diurne;0;0;0;3;;;-1;2;Autovettura privata;In marcia / fermata / arresto;Conducente;F;Illeso;0;;Non accertato;Inesistente
1858170;11;05/12/2010 06:25;Strada Urbana;VIA DEL PORTO FLUVIALE;in corrispondenza;;del civico n. ;5;;Veicolo in marcia contro veicolo in sosta;Rettilineo;Una carreggiata a doppio senso;Asciutto;Asfaltata;Verticale ed orizzontale;Sereno;Scarso;Buona;Ore Diurne;0;0;0;1;;;-1;2;Autovettura privata;In marcia / fermata / arresto;Conducente;M;Illeso;0;;Non accertato;Inesistente
1858171;11;05/12/2010 10:00;Strada Urbana;VIA LUIGI PERNA;da specificare;;;;civ. 21;Scontro frontale fra veicoli in marcia;Rettilineo;Una carreggiata a senso unico di marcia;Asciutto;Asfaltata;Assente;Nuvoloso;Normale;Buona;Ore Diurne;0;0;0;5;;;-1;1;Autovettura privata;In marcia / fermata / arresto;Conducente;F;Illeso;0;;Non accertato;Inesistente
1858171;11;05/12/2010 10:00;Strada Urbana;VIA LUIGI PERNA;da specificare;;;;civ. 21;Scontro frontale fra veicoli in marcia;Rettilineo;Una carreggiata a senso unico di marcia;Asciutto;Asfaltata;Assente;Nuvoloso;Normale;Buona;Ore Diurne;0;0;0;5;;;-1;1;Autovettura privata;In marcia / fermata / arresto;Passeggero;F;Illeso;0;;Non accertato;Inesistente
1858171;11;05/12/2010 10:00;Strada Urbana;VIA LUIGI PERNA;da specificare;;;;civ. 21;Scontro frontale fra veicoli in marcia;Rettilineo;Una carreggiata a senso unico di marcia;Asciutto;Asfaltata;Assente;Nuvoloso;Normale;Buona;Ore Diurne;0;0;0;5;;;-1;1;Autovettura privata;In marcia / fermata / arresto;Passeggero;M;Illeso;0;;Non accertato;Inesistente
1858171;11;05/12/2010 10:00;Strada Urbana;VIA LUIGI PERNA;da specificare;;;;civ. 21;Scontro frontale fra veicoli in marcia;Rettilineo;Una carreggiata a senso unico di marcia;Asciutto;Asfaltata;Assente;Nuvoloso;Normale;Buona;Ore Diurne;0;0;0;5;;;-1;2;Autovettura privata;In marcia / fermata / arresto;Conducente;M;Illeso;0;;Non accertato;Inesistente
1858172;11;06/12/2010 11:00;Strada Urbana;VIA DI S. PETRONILLA;all'intersezione con;VIA MARCO E MARCELLIANO;VIA MARCO E MARCELLIANO;;;Veicoli in marcia contro veicolo fermo;Incrocio;Una carreggiata a doppio senso;Asciutto;Asfaltata;Verticale ed orizzontale;Nuvoloso;Scarso;Buona;Ore Diurne;1;0;0;2;;;-1;1;Autocaravan;In marcia / fermata / arresto;Conducente;M;Illeso;0;;Non accertato;Inesistente
1858172;11;06/12/2010 11:00;Strada Urbana;VIA DI S. PETRONILLA;all'intersezione con;VIA MARCO E MARCELLIANO;VIA MARCO E MARCELLIANO;;;Veicoli in marcia contro veicolo fermo;Incrocio;Una carreggiata a doppio senso;Asciutto;Asfaltata;Verticale ed orizzontale;Nuvoloso;Scarso;Buona;Ore Diurne;1;0;0;2;;;-1;2;Autovettura privata;In marcia / fermata / arresto;Conducente;M;Rimandato;0;NON DECEDUTO;Non accertato;Inesistente
1858172;11;06/12/2010 11:00;Strada Urbana;VIA DI S. PETRONILLA;all'intersezione con;VIA MARCO E MARCELLIANO;VIA MARCO E MARCELLIANO;;;Veicoli in marcia contro veicolo fermo;Incrocio;Una carreggiata a doppio senso;Asciutto;Asfaltata;Verticale ed orizzontale;Nuvoloso;Scarso;Buona;Ore Diurne;1;0;0;2;;;-1;3;Autovettura privata;In marcia / fermata / arresto;Conducente;F;Illeso;0;;Non accertato;Inesistente
1858173;11;06/12/2010 12:30;Strada Urbana;VIA DEL PORTO FLUVIALE;all'intersezione con;VIA DEL COMMERCIO;VIA DEL COMMERCIO;;;Scontro frontale/laterale DX fra veicoli in marcia;Intersezione stradale segnalata;Una carreggiata a doppio senso;Bagnato (pioggia);Asfaltata;Verticale ed orizzontale;Nuvoloso;Normale;Buona;Ore Diurne;1;0;0;1;;;-1;1;Motociclo a solo;In marcia / fermata / arresto;Conducente;M;Rimandato;0;NON DECEDUTO;Non accertato;Inesistente
1858173;11;06/12/2010 12:30;Strada Urbana;VIA DEL PORTO FLUVIALE;all'intersezione con;VIA DEL COMMERCIO;VIA DEL COMMERCIO;;;Scontro frontale/laterale DX fra veicoli in marcia;Intersezione stradale segnalata;Una carreggiata a doppio senso;Bagnato (pioggia);Asfaltata;Verticale ed orizzontale;Nuvoloso;Normale;Buona;Ore Diurne;1;0;0;1;;;-1;2;Autovettura privata;In marcia / fermata / arresto;Conducente;M;Illeso;0;;Non accertato;Inesistente
1858174;11;06/12/2010 16:00;Strada Urbana;VIA DI VIGNA MURATA;da specificare;;;;prossimità VIA DEI CORAZZIERI;Tamponamento;Rettilineo;Una carreggiata a doppio senso;Asciutto;Asfaltata;Verticale ed orizzontale;Nuvoloso;Normale;Buona;Ore Diurne;0;0;0;2;;;-1;1;Autovettura privata;In marcia / fermata / arresto;Conducente;M;Illeso;0;;Non accertato;Inesistente
1858174;11;06/12/2010 16:00;Strada Urbana;VIA DI VIGNA MURATA;da specificare;;;;prossimità VIA DEI CORAZZIERI;Tamponamento;Rettilineo;Una carreggiata a doppio senso;Asciutto;Asfaltata;Verticale ed orizzontale;Nuvoloso;Normale;Buona;Ore Diurne;0;0;0;2;;;-1;2;Autovettura privata;In marcia / fermata / arresto;Conducente;M;Illeso;0;;Non accertato;Inesistente
1858175;11;07/12/2010 15:10;Strada Urbana;PIAZZALE TOMMASO EDISON;all'intersezione semaforizzata con;LUNGOTEVERE DI S. PAOLO;LUNGOTEVERE DI S. PAOLO;;;Scontro laterale fra veicoli in marcia;Intersezione semaforizzata;Una carreggiata a doppio senso;Asciutto;Asfaltata;Verticale ed orizzontale;Sereno;Normale;Buona;Ore Diurne;1;0;0;1;;;-1;1;Autovettura privata;In marcia / fermata / arresto;Conducente;F;Illeso;0;;Non accertato;Inesistente
1858175;11;07/12/2010 15:10;Strada Urbana;PIAZZALE TOMMASO EDISON;all'intersezione semaforizzata con;LUNGOTEVERE DI S. PAOLO;LUNGOTEVERE DI S. PAOLO;;;Scontro laterale fra veicoli in marcia;Intersezione semaforizzata;Una carreggiata a doppio senso;Asciutto;Asfaltata;Verticale ed orizzontale;Sereno;Normale;Buona;Ore Diurne;1;0;0;1;;;-1;2;Motociclo a solo;In marcia / fermata / arresto;Conducente;M;Rifiuta cure immediate;0;NON DECEDUTO;Non accertato;Inesistente
1858176;11;09/12/2010 15:15;Strada Urbana;VIA BENEDETTO CROCE;in prossimità;;del civico n. ;50;;Scontro laterale fra veicoli in marcia;Rettilineo;Una carreggiata a senso unico di marcia;Asciutto;Asfaltata;Verticale ed orizzontale;Sereno;Normale;Buona;Ore Diurne;1;0;0;1;;;-1;1;Autovettura privata;In marcia / fermata / arresto;Conducente;M;Illeso;0;;Utilizzato;Inesploso
1858176;11;09/12/2010 15:15;Strada Urbana;VIA BENEDETTO CROCE;in prossimità;;del civico n. ;50;;Scontro laterale fra veicoli in marcia;Rettilineo;Una carreggiata a senso unico di marcia;Asciutto;Asfaltata;Verticale ed orizzontale;Sereno;Normale;Buona;Ore Diurne;1;0;0;1;;;-1;2;Motociclo a solo;In marcia / fermata / arresto;Conducente;M;Rimandato;0;NON DECEDUTO;Non accertato;Inesistente
1858177;11;10/12/2010 18:00;Strada Urbana;VIALE GUGLIELMO MARCONI;all'intersezione con;LARGO MAESTRI DEL LAVORO;LARGO MAESTRI DEL LAVORO;;;Scontro laterale fra veicoli in marcia;Intersezione non regolata/non segnalata;Due carreggiate;Asciutto;Asfaltata;Orizzontale;Sereno;Intenso;Sufficiente;Sufficiente;2;0;0;1;;;-1;1;Motociclo a solo;In marcia / fermata / arresto;Conducente;M;Ricoverato;0;NON DECEDUTO;Non accertato;Inesistente
1858177;11;10/12/2010 18:00;Strada Urbana;VIALE GUGLIELMO MARCONI;all'intersezione con;LARGO MAESTRI DEL LAVORO;LARGO MAESTRI DEL LAVORO;;;Scontro laterale fra veicoli in marcia;Intersezione non regolata/non segnalata;Due carreggiate;Asciutto;Asfaltata;Orizzontale;Sereno;Intenso;Sufficiente;Sufficiente;2;0;0;1;;;-1;1;Motociclo a solo;In marcia / fermata / arresto;Passeggero;F;Rimandato;0;NON DECEDUTO;Non accertato;Inesistente
1858177;11;10/12/2010 18:00;Strada Urbana;VIALE GUGLIELMO MARCONI;all'intersezione con;LARGO MAESTRI DEL LAVORO;LARGO MAESTRI DEL LAVORO;;;Scontro laterale fra veicoli in marcia;Intersezione non regolata/non segnalata;Due carreggiate;Asciutto;Asfaltata;Orizzontale;Sereno;Intenso;Sufficiente;Sufficiente;2;0;0;1;;;-1;2;Autovettura privata;In marcia / fermata / arresto;Conducente;F;Illeso;0;;Non accertato;Inesistente
1858178;11;11/12/2010 01:10;Strada Urbana;VIA SILVIO D'AMICO;all'intersezione con;VIA GABRIELLO CHIABRERA;VIA GABRIELLO CHIABRERA;;;Scontro frontale/laterale SX fra veicoli in marcia;Intersezione stradale segnalata;Due carreggiate;Asciutto;Asfaltata;Verticale ed orizzontale;Sereno;Scarso;Sufficiente;Sufficiente;1;0;0;1;;;-1;1;Autovettura privata;In marcia / fermata / arresto;Conducente;M;Illeso;0;;Non accertato;Inesistente
1858178;11;11/12/2010 01:10;Strada Urbana;VIA SILVIO D'AMICO;all'intersezione con;VIA GABRIELLO CHIABRERA;VIA GABRIELLO CHIABRERA;;;Scontro frontale/laterale SX fra veicoli in marcia;Intersezione stradale segnalata;Due carreggiate;Asciutto;Asfaltata;Verticale ed orizzontale;Sereno;Scarso;Sufficiente;Sufficiente;1;0;0;1;;;-1;2;Autovettura privata;In marcia / fermata / arresto;Conducente;M;Rifiuta cure immediate;0;NON DECEDUTO;Non accertato;Inesistente
1858179;11;11/12/2010 12:00;Strada Urbana;VIA SILVIO D'AMICO;all'intersezione con;VIA GASPARE GOZZI;VIA GASPARE GOZZI;;;Scontro frontale/laterale DX fra veicoli in marcia;Intersezione semaforizzata;Due carreggiate;Asciutto;Asfaltata;Verticale ed orizzontale;Sereno;Normale;Buona;Ore Diurne;1;0;0;1;;;-1;1;Autocarro superiore 35 q.;In marcia / fermata / arresto;Conducente;M;Illeso;0;;Non accertato;Inesistente
1858179;11;11/12/2010 12:00;Strada Urbana;VIA SILVIO D'AMICO;all'intersezione con;VIA GASPARE GOZZI;VIA GASPARE GOZZI;;;Scontro frontale/laterale DX fra veicoli in marcia;Intersezione semaforizzata;Due carreggiate;Asciutto;Asfaltata;Verticale ed orizzontale;Sereno;Normale;Buona;Ore Diurne;1;0;0;1;;;-1;2;Autovettura privata;In marcia / fermata / arresto;Conducente;M;Rimandato;0;NON DECEDUTO;Non accertato;Esploso
1858180;11;12/12/2010 02:00;Strada Urbana;VIA OSTIENSE;all'intersezione semaforizzata con;PIAZZA DEL GAZOMETRO;PIAZZA DEL GAZOMETRO;;;Scontro frontale fra veicoli in marcia;Intersezione semaforizzata;Più di due carreggiate;Asciutto;Asfaltata;Verticale ed orizzontale;Sereno;Intenso;Sufficiente;Sufficiente;2;0;0;0;;;-1;1;Motociclo a solo;In marcia / fermata / arresto;Conducente;M;Ricoverato;0;NON DECEDUTO;Non accertato;Inesistente
1858180;11;12/12/2010 02:00;Strada Urbana;VIA OSTIENSE;all'intersezione semaforizzata con;PIAZZA DEL GAZOMETRO;PIAZZA DEL GAZOMETRO;;;Scontro frontale fra veicoli in marcia;Intersezione semaforizzata;Più di due carreggiate;Asciutto;Asfaltata;Verticale ed orizzontale;Sereno;Intenso;Sufficiente;Sufficiente;2;0;0;0;;;-1;1;Motociclo a solo;In marcia / fermata / arresto;Passeggero;M;Ricoverato;0;NON DECEDUTO;Non accertato;Inesistente
1858181;11;12/12/2010 09:30;Strada Urbana;VIALE GUGLIELMO MARCONI;all'intersezione con;VIA SALVATORE PINCHERLE;VIA SALVATORE PINCHERLE;;;Tamponamento;Incrocio;Due carreggiate;Asciutto;Asfaltata;Verticale ed orizzontale;Sereno;Scarso;Buona;Ore Diurne;1;0;0;1;;;-1;1;Autovettura privata;In marcia / fermata / arresto;Conducente;F;Ricoverato;0;NON DECEDUTO;Non accertato;Inesploso
1858181;11;12/12/2010 09:30;Strada Urbana;VIALE GUGLIELMO MARCONI;all'intersezione con;VIA SALVATORE PINCHERLE;VIA SALVATORE PINCHERLE;;;Tamponamento;Incrocio;Due carreggiate;Asciutto;Asfaltata;Verticale ed orizzontale;Sereno;Scarso;Buona;Ore Diurne;1;0;0;1;;;-1;2;Autovettura privata;In marcia / fermata / arresto;Conducente;M;Illeso;0;;Non accertato;Inesploso
1858194;11;14/12/2010 10:45;Strada Urbana;VIALE GUGLIELMO MARCONI;all'intersezione con;VIA DEI CADUTI SENZA CROCE;VIA DEI CADUTI SENZA CROCE;;;Scontro frontale/laterale DX fra veicoli in marcia;Intersezione non regolata/non segnalata;Due carreggiate;Asciutto;Asfaltata;Verticale ed orizzontale;Sereno;Normale;Buona;Ore Diurne;0;0;0;1;;;-1;1;Autovettura privata;In marcia / fermata / arresto;Conducente;F;Illeso;0;;Non accertato;Inesistente
1858195;11;14/12/2010 12:20;Strada Urbana;VIA LAURENTINA;in corrispondenza;;del civico n. ;3T;;Scontro laterale fra veicoli in marcia;Rettilineo;Una carreggiata a doppio senso;Asciutto;Asfaltata;Verticale ed orizzontale;Sereno;Normale;Buona;Ore Diurne;0;0;0;4;;;-1;1;Autovettura privata;In marcia / fermata / arresto;Conducente;M;Illeso;0;;Non accertato;Inesploso
1858195;11;14/12/2010 12:20;Strada Urbana;VIA LAURENTINA;in corrispondenza;;del civico n. ;3T;;Scontro laterale fra veicoli in marcia;Rettilineo;Una carreggiata a doppio senso;Asciutto;Asfaltata;Verticale ed orizzontale;Sereno;Normale;Buona;Ore Diurne;0;0;0;4;;;-1;1;Autovettura privata;In marcia / fermata / arresto;Passeggero;F;Illeso;0;;Non accertato;Inesistente
1858195;11;14/12/2010 12:20;Strada Urbana;VIA LAURENTINA;in corrispondenza;;del civico n. ;3T;;Scontro laterale fra veicoli in marcia;Rettilineo;Una carreggiata a doppio senso;Asciutto;Asfaltata;Verticale ed orizzontale;Sereno;Normale;Buona;Ore Diurne;0;0;0;4;;;-1;2;Autovettura privata;In marcia / fermata / arresto;Conducente;M;Illeso;0;;Non accertato;Inesistente
1858195;11;14/12/2010 12:20;Strada Urbana;VIA LAURENTINA;in corrispondenza;;del civico n. ;3T;;Scontro laterale fra veicoli in marcia;Rettilineo;Una carreggiata a doppio senso;Asciutto;Asfaltata;Verticale ed orizzontale;Sereno;Normale;Buona;Ore Diurne;0;0;0;4;;;-1;2;Autovettura privata;In marcia / fermata / arresto;Passeggero;;Illeso;0;;Non accertato;Inesistente
1858196;11;14/12/2010 13:55;Strada Urbana;VIALE DI TOR MARANCIA;da specificare;;;;ALTEZZA VIA ACCADEMIA DEL CIMENTO;Scontro laterale fra veicoli in marcia;Rettilineo;Due carreggiate;Asciutto;Asfaltata;Orizzontale;Sereno;Normale;Buona;Ore Diurne;1;0;0;2;;;-1;1;Autovettura privata;In marcia / fermata / arresto;Conducente;F;Illeso;0;;Non accertato;Inesploso
1858196;11;14/12/2010 13:55;Strada Urbana;VIALE DI TOR MARANCIA;da specificare;;;;ALTEZZA VIA ACCADEMIA DEL CIMENTO;Scontro laterale fra veicoli in marcia;Rettilineo;Due carreggiate;Asciutto;Asfaltata;Orizzontale;Sereno;Normale;Buona;Ore Diurne;1;0;0;2;;;-1;1;Autovettura privata;In marcia / fermata / arresto;Passeggero;F;Illeso;0;;Non accertato;Inesistente
1858196;11;14/12/2010 13:55;Strada Urbana;VIALE DI TOR MARANCIA;da specificare;;;;ALTEZZA VIA ACCADEMIA DEL CIMENTO;Scontro laterale fra veicoli in marcia;Rettilineo;Due carreggiate;Asciutto;Asfaltata;Orizzontale;Sereno;Normale;Buona;Ore Diurne;1;0;0;2;;;-1;2;Motociclo a solo;In marcia / fermata / arresto;Conducente;M;Rimandato;0;NON DECEDUTO;Non accertato;Inesistente
1858197;11;15/12/2010 01:20;Strada Urbana;VIA TITO OMBONI;all'intersezione con;VIA GIACOMO TREVIS;VIA GIACOMO TREVIS;;;Scontro frontale/laterale SX fra veicoli in marcia;Intersezione non regolata/non segnalata;Due carreggiate;Asciutto;Asfaltata;Verticale ed orizzontale;Sereno;Scarso;Buona;Sufficiente;1;0;0;2;;;-1;1;Autovettura privata;In marcia / fermata / arresto;Conducente;M;Illeso;0;;Non accertato;Inesistente
1858197;11;15/12/2010 01:20;Strada Urbana;VIA TITO OMBONI;all'intersezione con;VIA GIACOMO TREVIS;VIA GIACOMO TREVIS;;;Scontro frontale/laterale SX fra veicoli in marcia;Intersezione non regolata/non segnalata;Due carreggiate;Asciutto;Asfaltata;Verticale ed orizzontale;Sereno;Scarso;Buona;Sufficiente;1;0;0;2;;;-1;1;Autovettura privata;In marcia / fermata / arresto;Passeggero;M;Illeso;0;;Non accertato;Inesistente
1858197;11;15/12/2010 01:20;Strada Urbana;VIA TITO OMBONI;all'intersezione con;VIA GIACOMO TREVIS;VIA GIACOMO TREVIS;;;Scontro frontale/laterale SX fra veicoli in marcia;Intersezione non regolata/non segnalata;Due carreggiate;Asciutto;Asfaltata;Verticale ed orizzontale;Sereno;Scarso;Buona;Sufficiente;1;0;0;2;;;-1;2;Autovettura privata;In marcia / fermata / arresto;Conducente;M;Rimandato;0;NON DECEDUTO;Non accertato;Inesploso