Protocollo;Gruppo;DataOraIncidente;Localizzazione1;STRADA1;Localizzazione2;STRADA2;Strada02;Chilometrica;DaSpecificare;NaturaIncidente;particolaritastrade;TipoStrada;FondoStradale;Pavimentazione;Segnaletica;CondizioneAtmosferica;Traffico;Visibilita;Illuminazione;NUM_FERITI;NUM_RISERVATA;NUM_MORTI;NUM_ILLESI;Longitudine;Latitudine;Confermato;Progressivo;TipoVeicolo;StatoVeicolo;TipoPersona;Sesso;Tipolesione;Deceduto;DecedutoDopo;CinturaCascoUtilizzato;Airbag
1859819;2;21/12/2010 18:45;Strada Urbana;CIRCONVALLAZIONE SALARIA;da specificare;;;;alt. svincolo salaria dir. S. Giovanni;Scontro laterale fra veicoli in marcia;Rettilineo;Più di due carreggiate;Asciutto;Asfaltata;Verticale ed orizzontale;Sereno;Intenso;Buona;Sufficiente;0;0;0;2;;;-1;2;Autovettura privata;In marcia / fermata / arresto;Conducente;M;Illeso;0;;Non accertato;Inesistente
1859820;2;22/12/2010 08:15;Strada Urbana;PIAZZA DELLA MARINA;in prossimità;;del civico n. ;19;;Veicolo in marcia contro ostacolo accidentale;Curva a visuale libera;Una carreggiata a doppio senso;Bagnato (pioggia);Asfaltata;Verticale ed orizzontale;Nuvoloso;Scarso;Sufficiente;Ore Diurne;0;0;0;1;;;-1;1;Autovettura privata;In marcia / fermata / arresto;Conducente;M;Illeso;0;;Non accertato;Inesploso
1859821;2;22/12/2010 08:30;Strada Urbana;PIAZZA DEI CARRACCI;in corrispondenza;;del civico n. ;4;;Scontro frontale fra veicoli in marcia;Rettilineo;Una carreggiata a doppio senso;Bagnato (pioggia);Asfaltata;Verticale ed orizzontale;Nuvoloso;Scarso;Buona;Ore Diurne;1;0;0;2;;;-1;1;Autovettura privata;In marcia / fermata / arresto;Conducente;F;Rifiuta cure immediate;0;NON DECEDUTO;Non accertato;Inesistente
1859821;2;22/12/2010 08:30;Strada Urbana;PIAZZA DEI CARRACCI;in corrispondenza;;del civico n. ;4;;Scontro frontale fra veicoli in marcia;Rettilineo;Una carreggiata a doppio senso;Bagnato (pioggia);Asfaltata;Verticale ed orizzontale;Nuvoloso;Scarso;Buona;Ore Diurne;1;0;0;2;;;-1;2;Autovettura privata;In marcia / fermata / arresto;Conducente;F;Illeso;0;;Non accertato;Inesistente
1859821;2;22/12/2010 08:30;Strada Urbana;PIAZZA DEI CARRACCI;in corrispondenza;;del civico n. ;4;;Scontro frontale fra veicoli in marcia;Rettilineo;Una carreggiata a doppio senso;Bagnato (pioggia);Asfaltata;Verticale ed orizzontale;Nuvoloso;Scarso;Buona;Ore Diurne;1;0;0;2;;;-1;2;Autovettura privata;In marcia / fermata / arresto;Passeggero;F;Illeso;0;;Non accertato;Inesistente
1859822;2;22/12/2010 11:15;Strada Urbana;VIA DI VILLA GIULIA;da specificare;;;;prossimità Viale Belle Arti;Veicolo in marcia contro ostacolo fisso;Curva a visuale libera;Una carreggiata a doppio senso;Bagnato (pioggia);Asfaltata;Orizzontale;Pioggia in atto;Scarso;Buona;Ore Diurne;0;0;1;1;;;-1;1;Motociclo con passeggero;In marcia / fermata / arresto;Conducente;M;Illeso;0;;Utilizzato;Inesistente
1859822;2;22/12/2010 11:15;Strada Urbana;VIA DI VILLA GIULIA;da specificare;;;;prossimità Viale Belle Arti;Veicolo in marcia contro ostacolo fisso;Curva a visuale libera;Una carreggiata a doppio senso;Bagnato (pioggia);Asfaltata;Orizzontale;Pioggia in atto;Scarso;Buona;Ore Diurne;0;0;1;1;;;-1;1;Motociclo con passeggero;In marcia / fermata / arresto;Passeggero;M;Ricoverato;0;DECEDUTO ENTRO LE DODICI ORE;Utilizzato;Inesistente
1859823;2;22/12/2010 15:30;Strada Urbana;VIALE PARIOLI;da specificare;;;;alt. Piazza Ungheria;Scontro laterale fra veicoli in marcia;Rettilineo;Una carreggiata a doppio senso;Bagnato (umidità in atto);Asfaltata;Verticale ed orizzontale;Nuvoloso;Normale;Buona;Ore Diurne;0;0;0;2;;;-1;1;Autocarro inferiore 35 q.;In marcia / fermata / arresto;Conducente;M;Illeso;0;;Non accertato;Inesistente
1859823;2;22/12/2010 15:30;Strada Urbana;VIALE PARIOLI;da specificare;;;;alt. Piazza Ungheria;Scontro laterale fra veicoli in marcia;Rettilineo;Una carreggiata a doppio senso;Bagnato (umidità in atto);Asfaltata;Verticale ed orizzontale;Nuvoloso;Normale;Buona;Ore Diurne;0;0;0;2;;;-1;2;Autovettura privata;In marcia / fermata / arresto;Conducente;M;Illeso;0;;Non accertato;Inesploso
1859824;2;22/12/2010 16:30;Strada Urbana;VIA VENEZUELA;all'intersezione semaforizzata con;LUNGOTEVERE DELL'ACQUA ACETOSA;LUNGOTEVERE DELL'ACQUA ACETOSA;;;Tamponamento Multiplo;Incrocio;Una carreggiata a doppio senso;Bagnato (umidità in atto);Asfaltata;Verticale ed orizzontale;Nuvoloso;Normale;Buona;Sufficiente;4;0;0;1;;;-1;1;Autovettura privata;In marcia / fermata / arresto;Conducente;M;Illeso;0;;Non accertato;Inesistente
1859824;2;22/12/2010 16:30;Strada Urbana;VIA VENEZUELA;all'intersezione semaforizzata con;LUNGOTEVERE DELL'ACQUA ACETOSA;LUNGOTEVERE DELL'ACQUA ACETOSA;;;Tamponamento Multiplo;Incrocio;Una carreggiata a doppio senso;Bagnato (umidità in atto);Asfaltata;Verticale ed orizzontale;Nuvoloso;Normale;Buona;Sufficiente;4;0;0;1;;;-1;2;Motociclo con passeggero;In marcia / fermata / arresto;Conducente;M;Rifiuta cure immediate;0;NON DECEDUTO;Non accertato;Inesistente
1859824;2;22/12/2010 16:30;Strada Urbana;VIA VENEZUELA;all'intersezione semaforizzata con;LUNGOTEVERE DELL'ACQUA ACETOSA;LUNGOTEVERE DELL'ACQUA ACETOSA;;;Tamponamento Multiplo;Incrocio;Una carreggiata a doppio senso;Bagnato (umidità in atto);Asfaltata;Verticale ed orizzontale;Nuvoloso;Normale;Buona;Sufficiente;4;0;0;1;;;-1;2;Motociclo con passeggero;In marcia / fermata / arresto;Passeggero;M;Rimandato;0;NON DECEDUTO;Non accertato;Inesistente
1859824;2;22/12/2010 16:30;Strada Urbana;VIA VENEZUELA;all'intersezione semaforizzata con;LUNGOTEVERE DELL'ACQUA ACETOSA;LUNGOTEVERE DELL'ACQUA ACETOSA;;;Tamponamento Multiplo;Incrocio;Una carreggiata a doppio senso;Bagnato (umidità in atto);Asfaltata;Verticale ed orizzontale;Nuvoloso;Normale;Buona;Sufficiente;4;0;0;1;;;-1;3;Motociclo a solo;In marcia / fermata / arresto;Conducente;M;Rifiuta cure immediate;0;NON DECEDUTO;Non accertato;Inesistente
1859824;2;22/12/2010 16:30;Strada Urbana;VIA VENEZUELA;all'intersezione semaforizzata con;LUNGOTEVERE DELL'ACQUA ACETOSA;LUNGOTEVERE DELL'ACQUA ACETOSA;;;Tamponamento Multiplo;Incrocio;Una carreggiata a doppio senso;Bagnato (umidità in atto);Asfaltata;Verticale ed orizzontale;Nuvoloso;Normale;Buona;Sufficiente;4;0;0;1;;;-1;3;Motociclo a solo;In marcia / fermata / arresto;Passeggero;M;Rimandato;0;NON DECEDUTO;Non accertato;Inesistente
1859825;2;22/12/2010 17:20;Strada Urbana;VIALE DEL FORO ITALICO;in prossimità;;del palo luce n. ;293;;Investimento di pedone;Curva a visuale libera;Due carreggiate;Bagnato (pioggia);Asfaltata;Orizzontale;Pioggia in atto;Intenso;Sufficiente;Sufficiente;0;1;0;2;;;-1;;;;Pedone;M;Prognosi riservata;0;NON DECEDUTO;;
1859825;2;22/12/2010 17:20;Strada Urbana;VIALE DEL FORO ITALICO;in prossimità;;del palo luce n. ;293;;Investimento di pedone;Curva a visuale libera;Due carreggiate;Bagnato (pioggia);Asfaltata;Orizzontale;Pioggia in atto;Intenso;Sufficiente;Sufficiente;0;1;0;2;;;-1;1;Autovettura privata;In marcia / fermata / arresto;Conducente;F;Illeso;0;;Non accertato;Inesistente
1859825;2;22/12/2010 17:20;Strada Urbana;VIALE DEL FORO ITALICO;in prossimità;;del palo luce n. ;293;;Investimento di pedone;Curva a visuale libera;Due carreggiate;Bagnato (pioggia);Asfaltata;Orizzontale;Pioggia in atto;Intenso;Sufficiente;Sufficiente;0;1;0;2;;;-1;1;Autovettura privata;In marcia / fermata / arresto;Passeggero;M;Illeso;0;;Non accertato;Inesistente
1859826;2;22/12/2010 21:45;Strada Urbana;VIA EGITTO;da specificare;;;;altezza Lungotevere dell'Acqua Acetosa;Veicolo in marcia contro ostacolo fisso;Curva a visuale libera;Una carreggiata a senso unico di marcia;Asciutto;Asfaltata;Verticale ed orizzontale;Nuvoloso;Scarso;Buona;Sufficiente;0;0;0;1;;;-1;1;Autovettura privata;In marcia / fermata / arresto;Conducente;M;Illeso;0;;Non accertato;Inesistente
1859827;2;23/12/2010 01:05;Strada Urbana;PIAZZA EUCLIDE;in prossimità;;del civico n. ;39;;Veicolo in marcia contro veicolo in sosta;Rettilineo;Una carreggiata a senso unico di marcia;Asciutto;Asfaltata;Verticale ed orizzontale;Sereno;Scarso;Buona;Sufficiente;0;0;0;4;;;-1;1;Autovettura privata;In marcia / fermata / arresto;Conducente;F;Illeso;0;;Non accertato;Inesistente
1859827;2;23/12/2010 01:05;Strada Urbana;PIAZZA EUCLIDE;in prossimità;;del civico n. ;39;;Veicolo in marcia contro veicolo in sosta;Rettilineo;Una carreggiata a senso unico di marcia;Asciutto;Asfaltata;Verticale ed orizzontale;Sereno;Scarso;Buona;Sufficiente;0;0;0;4;;;-1;1;Autovettura privata;In marcia / fermata / arresto;Passeggero;M;Illeso;0;;Non accertato;Inesistente
1859827;2;23/12/2010 01:05;Strada Urbana;PIAZZA EUCLIDE;in prossimità;;del civico n. ;39;;Veicolo in marcia contro veicolo in sosta;Rettilineo;Una carreggiata a senso unico di marcia;Asciutto;Asfaltata;Verticale ed orizzontale;Sereno;Scarso;Buona;Sufficiente;0;0;0;4;;;-1;2;Autovettura privata;Sosta;Passeggero;M;Illeso;0;;Non accertato;Inesistente
1859827;2;23/12/2010 01:05;Strada Urbana;PIAZZA EUCLIDE;in prossimità;;del civico n. ;39;;Veicolo in marcia contro veicolo in sosta;Rettilineo;Una carreggiata a senso unico di marcia;Asciutto;Asfaltata;Verticale ed orizzontale;Sereno;Scarso;Buona;Sufficiente;0;0;0;4;;;-1;2;Autovettura privata;Sosta;Passeggero;M;Illeso;0;;Utilizzato;Inesistente
1859828;2;23/12/2010 05:00;Strada Urbana;CORSO DI FRANCIA;all'intersezione semaforizzata con;VIA BARTOLOMEO GOSIO;VIA BARTOLOMEO GOSIO;;;Tamponamento;Intersezione semaforizzata;Due carreggiate;Bagnato (pioggia);Asfaltata;Verticale ed orizzontale;Pioggia in atto;Scarso;Sufficiente;Sufficiente;1;0;0;4;;;-1;1;Autovettura privata;In marcia / fermata / arresto;Conducente;F;Illeso;0;;Non accertato;Inesploso
1859828;2;23/12/2010 05:00;Strada Urbana;CORSO DI FRANCIA;all'intersezione semaforizzata con;VIA BARTOLOMEO GOSIO;VIA BARTOLOMEO GOSIO;;;Tamponamento;Intersezione semaforizzata;Due carreggiate;Bagnato (pioggia);Asfaltata;Verticale ed orizzontale;Pioggia in atto;Scarso;Sufficiente;Sufficiente;1;0;0;4;;;-1;1;Autovettura privata;In marcia / fermata / arresto;Passeggero;M;Illeso;0;;Non accertato;Inesploso
1859828;2;23/12/2010 05:00;Strada Urbana;CORSO DI FRANCIA;all'intersezione semaforizzata con;VIA BARTOLOMEO GOSIO;VIA BARTOLOMEO GOSIO;;;Tamponamento;Intersezione semaforizzata;Due carreggiate;Bagnato (pioggia);Asfaltata;Verticale ed orizzontale;Pioggia in atto;Scarso;Sufficiente;Sufficiente;1;0;0;4;;;-1;2;Autovettura privata;In marcia / fermata / arresto;Conducente;F;Rimandato;0;NON DECEDUTO;Non accertato;Esploso
1859828;2;23/12/2010 05:00;Strada Urbana;CORSO DI FRANCIA;all'intersezione semaforizzata con;VIA BARTOLOMEO GOSIO;VIA BARTOLOMEO GOSIO;;;Tamponamento;Intersezione semaforizzata;Due carreggiate;Bagnato (pioggia);Asfaltata;Verticale ed orizzontale;Pioggia in atto;Scarso;Sufficiente;Sufficiente;1;0;0;4;;;-1;3;Autovettura privata;In marcia / fermata / arresto;Conducente;M;Illeso;0;;Non accertato;Inesistente
1859828;2;23/12/2010 05:00;Strada Urbana;CORSO DI FRANCIA;all'intersezione semaforizzata con;VIA BARTOLOMEO GOSIO;VIA BARTOLOMEO GOSIO;;;Tamponamento;Intersezione semaforizzata;Due carreggiate;Bagnato (pioggia);Asfaltata;Verticale ed orizzontale;Pioggia in atto;Scarso;Sufficiente;Sufficiente;1;0;0;4;;;-1;3;Autovettura privata;In marcia / fermata / arresto;Passeggero;M;Illeso;0;;Non accertato;Inesistente
1859829;3;17/12/2010 09:30;Strada Urbana;VIA BARI;in prossimità;;del civico n. ;2;;Infortunio per caduta del veicolo;Rettilineo;Una carreggiata a doppio senso;Ghiacciato;Asfaltata;Verticale ed orizzontale;Nuvoloso;Normale;Buona;Ore Diurne;0;0;0;1;;;-1;1;Motociclo a solo;In marcia / fermata / arresto;Conducente;F;Illeso;0;;Non accertato;Inesistente
1859830;3;21/12/2010 10:00;Strada Urbana;PIAZZALE DELLA STAZIONE TIBURTINA;in prossimità;;del civico n. ;1;;Scontro laterale fra veicoli in marcia;Rettilineo;Una carreggiata a senso unico di marcia;Asciutto;Asfaltata;Verticale ed orizzontale;Nuvoloso;Normale;Buona;Ore Diurne;1;0;0;2;;;-1;1;Motociclo a solo;In marcia / fermata / arresto;Conducente;M;Rimandato;0;NON DECEDUTO;Non accertato;Inesistente
1859830;3;21/12/2010 10:00;Strada Urbana;PIAZZALE DELLA STAZIONE TIBURTINA;in prossimità;;del civico n. ;1;;Scontro laterale fra veicoli in marcia;Rettilineo;Una carreggiata a senso unico di marcia;Asciutto;Asfaltata;Verticale ed orizzontale;Nuvoloso;Normale;Buona;Ore Diurne;1;0;0;2;;;-1;2;Autobus in extraurbana;In marcia / fermata / arresto;Conducente;M;Illeso;0;;Non accertato;Inesistente
1859830;3;21/12/2010 10:00;Strada Urbana;PIAZZALE DELLA STAZIONE TIBURTINA;in prossimità;;del civico n. ;1;;Scontro laterale fra veicoli in marcia;Rettilineo;Una carreggiata a senso unico di marcia;Asciutto;Asfaltata;Verticale ed orizzontale;Nuvoloso;Normale;Buona;Ore Diurne;1;0;0;2;;;-1;2;Autobus in extraurbana;In marcia / fermata / arresto;Passeggero;M;Illeso;0;;Non accertato;Inesistente
1859831;3;21/12/2010 16:00;Strada Urbana;Tangenziale Est;da specificare;;;;IMMISSIONE SVINCOLO DA VIA PRENESTINA DIR. SALARIA;Ribaltamento senza urto contro ostacolo fisso;Rettilineo;Due carreggiate;Asciutto;Asfaltata;Verticale ed orizzontale;Sereno;Normale;Buona;Sufficiente;1;0;0;0;;;-1;1;Motociclo a solo;In marcia / fermata / arresto;Conducente;M;Rimandato;0;NON DECEDUTO;Non accertato;Inesistente
1859832;3;21/12/2010 16:00;Strada Urbana;VIA LORENZO IL MAGNIFICO;all'intersezione con;VIA TEODORICO;VIA TEODORICO;;;Scontro frontale/laterale SX fra veicoli in marcia;Incrocio;Due carreggiate;Asciutto;Asfaltata;Verticale ed orizzontale;Sereno;Normale;Sufficiente;Ore Diurne;0;0;0;3;;;-1;1;Autovettura privata;In marcia / fermata / arresto;Conducente;F;Illeso;0;;Non accertato;Inesploso
1859832;3;21/12/2010 16:00;Strada Urbana;VIA LORENZO IL MAGNIFICO;all'intersezione con;VIA TEODORICO;VIA TEODORICO;;;Scontro frontale/laterale SX fra veicoli in marcia;Incrocio;Due carreggiate;Asciutto;Asfaltata;Verticale ed orizzontale;Sereno;Normale;Sufficiente;Ore Diurne;0;0;0;3;;;-1;1;Autovettura privata;In marcia / fermata / arresto;Passeggero;M;Illeso;0;;Non accertato;Inesploso
1859832;3;21/12/2010 16:00;Strada Urbana;VIA LORENZO IL MAGNIFICO;all'intersezione con;VIA TEODORICO;VIA TEODORICO;;;Scontro frontale/laterale SX fra veicoli in marcia;Incrocio;Due carreggiate;Asciutto;Asfaltata;Verticale ed orizzontale;Sereno;Normale;Sufficiente;Ore Diurne;0;0;0;3;;;-1;2;Autovettura privata;In marcia / fermata / arresto;Conducente;F;Illeso;0;;Non accertato;Inesploso
1859833;3;21/12/2010 23:25;Strada Urbana;VIA TIBURTINA;all'intersezione semaforizzata con;PIAZZALE VALERIO MASSIMO;PIAZZALE VALERIO MASSIMO;;;Scontro laterale fra veicoli in marcia;Intersezione semaforizzata;Più di due carreggiate;Asciutto;Asfaltata;Verticale ed orizzontale;Sereno;Scarso;Sufficiente;Sufficiente;0;0;0;2;;;-1;1;Autovettura privata;In marcia / fermata / arresto;Conducente;F;Illeso;0;;Non accertato;Inesistente
1859833;3;21/12/2010 23:25;Strada Urbana;VIA TIBURTINA;all'intersezione semaforizzata con;PIAZZALE VALERIO MASSIMO;PIAZZALE VALERIO MASSIMO;;;Scontro laterale fra veicoli in marcia;Intersezione semaforizzata;Più di due carreggiate;Asciutto;Asfaltata;Verticale ed orizzontale;Sereno;Scarso;Sufficiente;Sufficiente;0;0;0;2;;;-1;1;Autovettura privata;In marcia / fermata / arresto;Passeggero;M;Illeso;0;;Non accertato;Inesistente
1859834;4;03/12/2010 08:00;Strada Urbana;VIA NOMENTANA;all'intersezione con;VIA CARLO LORENZINI;VIA CARLO LORENZINI;;;Scontro frontale/laterale DX fra veicoli in marcia;Incrocio;Una carreggiata a doppio senso;Bagnato (pioggia);Asfaltata;Verticale ed orizzontale;Nuvoloso;Intenso;Buona;Ore Diurne;1;0;0;2;;;-1;1;Autovettura privata;In marcia / fermata / arresto;Conducente;F;Illeso;0;;Non accertato;Inesploso
1859834;4;03/12/2010 08:00;Strada Urbana;VIA NOMENTANA;all'intersezione con;VIA CARLO LORENZINI;VIA CARLO LORENZINI;;;Scontro frontale/laterale DX fra veicoli in marcia;Incrocio;Una carreggiata a doppio senso;Bagnato (pioggia);Asfaltata;Verticale ed orizzontale;Nuvoloso;Intenso;Buona;Ore Diurne;1;0;0;2;;;-1;2;Motociclo con passeggero;In marcia / fermata / arresto;Conducente;M;Illeso;0;;Non accertato;Inesistente
1859834;4;03/12/2010 08:00;Strada Urbana;VIA NOMENTANA;all'intersezione con;VIA CARLO LORENZINI;VIA CARLO LORENZINI;;;Scontro frontale/laterale DX fra veicoli in marcia;Incrocio;Una carreggiata a doppio senso;Bagnato (pioggia);Asfaltata;Verticale ed orizzontale;Nuvoloso;Intenso;Buona;Ore Diurne;1;0;0;2;;;-1;2;Motociclo con passeggero;In marcia / fermata / arresto;Passeggero;F;Rimandato;0;NON DECEDUTO;Non accertato;Inesistente
1859835;4;03/12/2010 08:50;Strada Urbana;VIA DELLA BUFALOTTA;in prossimità;;del civico n. ;124;;Scontro frontale/laterale SX fra veicoli in marcia;Rettilineo;Una carreggiata a doppio senso;Bagnato (pioggia);Asfaltata;Orizzontale;Nuvoloso;Intenso;Buona;Ore Diurne;1;0;0;1;;;-1;1;Autovettura privata;In marcia / fermata / arresto;Conducente;F;Illeso;0;;Non accertato;Inesploso
1859835;4;03/12/2010 08:50;Strada Urbana;VIA DELLA BUFALOTTA;in prossimità;;del civico n. ;124;;Scontro frontale/laterale SX fra veicoli in marcia;Rettilineo;Una carreggiata a doppio senso;Bagnato (pioggia);Asfaltata;Orizzontale;Nuvoloso;Intenso;Buona;Ore Diurne;1;0;0;1;;;-1;2;Motociclo a solo;In marcia / fermata / arresto;Conducente;M;Rimandato;0;NON DECEDUTO;Non accertato;Inesistente
1859836;4;03/12/2010 08:55;Strada Urbana;VIA VALLE VERMIGLIO;all'intersezione con;VIA CONCA D'ORO;VIA CONCA D'ORO;;;Scontro laterale fra veicoli in marcia;Intersezione stradale segnalata;Una carreggiata a senso unico di marcia;Bagnato (umidità in atto);Asfaltata;Orizzontale;Nuvoloso;Normale;Buona;Ore Diurne;0;0;0;2;;;-1;1;Autovettura privata;In marcia / fermata / arresto;Conducente;F;Illeso;0;;Non accertato;Inesistente
1859836;4;03/12/2010 08:55;Strada Urbana;VIA VALLE VERMIGLIO;all'intersezione con;VIA CONCA D'ORO;VIA CONCA D'ORO;;;Scontro laterale fra veicoli in marcia;Intersezione stradale segnalata;Una carreggiata a senso unico di marcia;Bagnato (umidità in atto);Asfaltata;Orizzontale;Nuvoloso;Normale;Buona;Ore Diurne;0;0;0;2;;;-1;2;Autocarro inferiore 35 q.;In marcia / fermata / arresto;Conducente;M;Illeso;0;;Non accertato;Inesistente
1859837;4;03/12/2010 09:40;Strada Urbana;VIA DELLA VERNA;da specificare;;;;V.le Adriatico altezza area parcheggio mercato ;Veicolo in marcia contro veicoli in sosta;Rettilineo;Una carreggiata a senso unico di marcia;Bagnato (pioggia);Asfaltata;Verticale;Pioggia in atto;Scarso;Buona;Ore Diurne;0;0;0;1;;;-1;1;Autovettura privata;In marcia / fermata / arresto;Conducente;F;Illeso;0;;Non accertato;Inesistente
1859838;4;03/12/2010 14:00;Strada Urbana;VIA DEI PRATI FISCALI;in prossimità;;del civico n. ;217;;Scontro laterale fra veicoli in marcia;Rettilineo;Due carreggiate;Asciutto;Asfaltata;Verticale ed orizzontale;Sereno;Scarso;Buona;Sufficiente;0;0;0;2;;;-1;1;Autovettura privata;In marcia / fermata / arresto;Conducente;F;Illeso;0;;Non accertato;Inesistente
1859838;4;03/12/2010 14:00;Strada Urbana;VIA DEI PRATI FISCALI;in prossimità;;del civico n. ;217;;Scontro laterale fra veicoli in marcia;Rettilineo;Due carreggiate;Asciutto;Asfaltata;Verticale ed orizzontale;Sereno;Scarso;Buona;Sufficiente;0;0;0;2;;;-1;2;Motociclo a solo;In marcia / fermata / arresto;Conducente;M;Illeso;0;;Non accertato;Inesistente
1859839;4;03/12/2010 16:05;Strada Urbana;VIA DEI PRATI FISCALI;in corrispondenza;;del civico n. ;251;;Scontro frontale fra veicoli in marcia;Rettilineo;Una carreggiata a senso unico di marcia;Asciutto;Asfaltata;Verticale ed orizzontale;Sereno;Intenso;Buona;Ore Diurne;1;0;0;2;;;-1;1;Autovettura privata;In marcia / fermata / arresto;Conducente;M;Illeso;0;;Non accertato;Inesploso
1859839;4;03/12/2010 16:05;Strada Urbana;VIA DEI PRATI FISCALI;in corrispondenza;;del civico n. ;251;;Scontro frontale fra veicoli in marcia;Rettilineo;Una carreggiata a senso unico di marcia;Asciutto;Asfaltata;Verticale ed orizzontale;Sereno;Intenso;Buona;Ore Diurne;1;0;0;2;;;-1;1;Autovettura privata;In marcia / fermata / arresto;Passeggero;F;Illeso;0;;Non accertato;Inesploso
1859839;4;03/12/2010 16:05;Strada Urbana;VIA DEI PRATI FISCALI;in corrispondenza;;del civico n. ;251;;Scontro frontale fra veicoli in marcia;Rettilineo;Una carreggiata a senso unico di marcia;Asciutto;Asfaltata;Verticale ed orizzontale;Sereno;Intenso;Buona;Ore Diurne;1;0;0;2;;;-1;2;Velocipede;In marcia / fermata / arresto;Conducente;M;Rimandato;0;NON DECEDUTO;Non accertato;Inesistente
1859840;4;03/12/2010 17:15;Strada Urbana;VIA VAL DI LANZO;in corrispondenza;;del civico n. ;37;;Investimento di pedone;Rettilineo;Una carreggiata a senso unico di marcia;Asciutto;Asfaltata;Verticale ed orizzontale;Nuvoloso;Normale;Buona;Sufficiente;1;0;0;1;;;-1;;;;Pedone;F;Rimandato;0;NON DECEDUTO;;
1859840;4;03/12/2010 17:15;Strada Urbana;VIA VAL DI LANZO;in corrispondenza;;del civico n. ;37;;Investimento di pedone;Rettilineo;Una carreggiata a senso unico di marcia;Asciutto;Asfaltata;Verticale ed orizzontale;Nuvoloso;Normale;Buona;Sufficiente;1;0;0;1;;;-1;1;Autovettura privata;In marcia / fermata / arresto;Conducente;M;Illeso;0;;Non accertato;Inesistente
1859841;4;03/12/2010 19:50;Strada Urbana;VIA UGO OJETTI;all'intersezione con;VIA MARIA BARBARA TOSATTI;VIA MARIA BARBARA TOSATTI;;;Investimento di pedone;Incrocio;Una carreggiata a senso unico di marcia;Asciutto;Asfaltata;Verticale ed orizzontale;Nuvoloso;Intenso;Buona;Sufficiente;1;0;0;1;;;-1;;;;Pedone;F;Rimandato;0;NON DECEDUTO;;
1859841;4;03/12/2010 19:50;Strada Urbana;VIA UGO OJETTI;all'intersezione con;VIA MARIA BARBARA TOSATTI;VIA MARIA BARBARA TOSATTI;;;Investimento di pedone;Incrocio;Una carreggiata a senso unico di marcia;Asciutto;Asfaltata;Verticale ed orizzontale;Nuvoloso;Intenso;Buona;Sufficiente;1;0;0;1;;;-1;1;Motociclo a solo;In marcia / fermata / arresto;Conducente;M;Illeso;0;;Non accertato;Inesistente
1859843;4;04/12/2010 14:45;Strada Urbana;VIA ARTURO GRAF;da specificare;;;;prossimità p.za Primoli;Scontro frontale fra veicoli in marcia;Rettilineo;Due carreggiate;Asciutto;Asfaltata;Verticale ed orizzontale;Nuvoloso;Intenso;Buona;Ore Diurne;0;0;0;3;;;-1;1;Motociclo a solo;In marcia / fermata / arresto;Conducente;M;Illeso;0;;Non accertato;Inesistente
1859843;4;04/12/2010 14:45;Strada Urbana;VIA ARTURO GRAF;da specificare;;;;prossimità p.za Primoli;Scontro frontale fra veicoli in marcia;Rettilineo;Due carreggiate;Asciutto;Asfaltata;Verticale ed orizzontale;Nuvoloso;Intenso;Buona;Ore Diurne;0;0;0;3;;;-1;2;Autovettura privata;In marcia / fermata / arresto;Conducente;M;Illeso;0;;Non accertato;Inesistente
1859843;4;04/12/2010 14:45;Strada Urbana;VIA ARTURO GRAF;da specificare;;;;prossimità p.za Primoli;Scontro frontale fra veicoli in marcia;Rettilineo;Due carreggiate;Asciutto;Asfaltata;Verticale ed orizzontale;Nuvoloso;Intenso;Buona;Ore Diurne;0;0;0;3;;;-1;2;Autovettura privata;In marcia / fermata / arresto;Passeggero;F;Illeso;0;;Non accertato;Inesistente
1859851;5;03/12/2010 07:25;Strada Urbana;VIA DONATO MENICHELLA;all'intersezione con;VIA COSTANTINO MORTATI;VIA COSTANTINO MORTATI;;;Scontro frontale/laterale DX fra veicoli in marcia;Incrocio;Una carreggiata a senso unico alternato;Bagnato (pioggia);Asfaltata;Verticale ed orizzontale;Nuvoloso;Scarso;Buona;Ore Diurne;0;0;0;2;;;-1;1;Autovettura privata;In marcia / fermata / arresto;Conducente;M;Illeso;0;;Utilizzato;Inesistente
1859851;5;03/12/2010 07:25;Strada Urbana;VIA DONATO MENICHELLA;all'intersezione con;VIA COSTANTINO MORTATI;VIA COSTANTINO MORTATI;;;Scontro frontale/laterale DX fra veicoli in marcia;Incrocio;Una carreggiata a senso unico alternato;Bagnato (pioggia);Asfaltata;Verticale ed orizzontale;Nuvoloso;Scarso;Buona;Ore Diurne;0;0;0;2;;;-1;2;Autovettura privata;In marcia / fermata / arresto;Conducente;F;Illeso;0;;Utilizzato;Inesploso
1859852;6;21/12/2010 19:35;Strada Urbana;VIA DI ACQUA BULLICANTE;all'intersezione con;VIA TEANO;VIA TEANO;;;Scontro laterale fra veicoli in marcia;Incrocio;Una carreggiata a doppio senso;Asciutto;Asfaltata;Verticale ed orizzontale;Nuvoloso;Normale;Buona;Sufficiente;2;0;0;2;;;-1;1;Autovettura privata;In marcia / fermata / arresto;Conducente;F;Rifiuta cure immediate;0;NON DECEDUTO;Non accertato;
1859852;6;21/12/2010 19:35;Strada Urbana;VIA DI ACQUA BULLICANTE;all'intersezione con;VIA TEANO;VIA TEANO;;;Scontro laterale fra veicoli in marcia;Incrocio;Una carreggiata a doppio senso;Asciutto;Asfaltata;Verticale ed orizzontale;Nuvoloso;Normale;Buona;Sufficiente;2;0;0;2;;;-1;1;Autovettura privata;In marcia / fermata / arresto;Passeggero;F;Rifiuta cure immediate;0;NON DECEDUTO;Non accertato;Inesistente