Protocollo;Gruppo;DataOraIncidente;Localizzazione1;STRADA1;Localizzazione2;STRADA2;Strada02;Chilometrica;DaSpecificare;NaturaIncidente;particolaritastrade;TipoStrada;FondoStradale;Pavimentazione;Segnaletica;CondizioneAtmosferica;Traffico;Visibilita;Illuminazione;NUM_FERITI;NUM_RISERVATA;NUM_MORTI;NUM_ILLESI;Longitudine;Latitudine;Confermato;Progressivo;TipoVeicolo;StatoVeicolo;TipoPersona;Sesso;Tipolesione;Deceduto;DecedutoDopo;CinturaCascoUtilizzato;Airbag
1860511;2;27/12/2010 16:40;Strada Urbana;VIA SALARIA;all'intersezione semaforizzata con;VIALE DI VILLA GRAZIOLI;VIALE DI VILLA GRAZIOLI;;;Scontro frontale/laterale SX fra veicoli in marcia;Intersezione semaforizzata;Due carreggiate;Asciutto;Asfaltata;Verticale ed orizzontale;Sereno;Normale;Buona;Ore Diurne;0;0;0;3;;;-1;1;Autovettura privata;In marcia / fermata / arresto;Conducente;M;Illeso;0;;Non accertato;Inesistente
1860511;2;27/12/2010 16:40;Strada Urbana;VIA SALARIA;all'intersezione semaforizzata con;VIALE DI VILLA GRAZIOLI;VIALE DI VILLA GRAZIOLI;;;Scontro frontale/laterale SX fra veicoli in marcia;Intersezione semaforizzata;Due carreggiate;Asciutto;Asfaltata;Verticale ed orizzontale;Sereno;Normale;Buona;Ore Diurne;0;0;0;3;;;-1;1;Autovettura privata;In marcia / fermata / arresto;Passeggero;F;Illeso;0;;Non accertato;Inesistente
1860511;2;27/12/2010 16:40;Strada Urbana;VIA SALARIA;all'intersezione semaforizzata con;VIALE DI VILLA GRAZIOLI;VIALE DI VILLA GRAZIOLI;;;Scontro frontale/laterale SX fra veicoli in marcia;Intersezione semaforizzata;Due carreggiate;Asciutto;Asfaltata;Verticale ed orizzontale;Sereno;Normale;Buona;Ore Diurne;0;0;0;3;;;-1;2;Autocarro inferiore 35 q.;In marcia / fermata / arresto;Conducente;M;Illeso;0;;Non accertato;Inesistente
1860512;15;28/12/2010 07:50;Strada Urbana;VIA DEL MONTE DELLE CAPRE;all'intersezione con;VICOLO DEGLI ORTI DELLA MAGLIANA;VICOLO DEGLI ORTI DELLA MAGLIANA;;;Scontro frontale/laterale DX fra veicoli in marcia;Incrocio;Una carreggiata a doppio senso;Asciutto;Asfaltata;Assente;Sereno;Normale;Buona;Ore Diurne;1;0;0;1;;;-1;1;Autovettura privata;In marcia / fermata / arresto;Conducente;M;Illeso;0;;Non accertato;Inesploso
1860512;15;28/12/2010 07:50;Strada Urbana;VIA DEL MONTE DELLE CAPRE;all'intersezione con;VICOLO DEGLI ORTI DELLA MAGLIANA;VICOLO DEGLI ORTI DELLA MAGLIANA;;;Scontro frontale/laterale DX fra veicoli in marcia;Incrocio;Una carreggiata a doppio senso;Asciutto;Asfaltata;Assente;Sereno;Normale;Buona;Ore Diurne;1;0;0;1;;;-1;2;Autovettura privata;In marcia / fermata / arresto;Conducente;M;Rimandato;0;NON DECEDUTO;Non accertato;Inesistente
1860513;2;27/12/2010 19:40;Strada Urbana;PIAZZA GENTILE DA FABRIANO;in corrispondenza;;del civico n. ;15;;Veicolo in marcia contro ostacolo accidentale;Rettilineo;Una carreggiata a senso unico di marcia;Asciutto;Asfaltata;Verticale ed orizzontale;Sereno;Scarso;Buona;Sufficiente;0;0;0;1;;;-1;1;Autovettura privata;In marcia / fermata / arresto;Conducente;F;Illeso;0;;Non accertato;Inesistente
1860514;2;27/12/2010 23:15;Strada Urbana;VIA CASSIA NUOVA;all'intersezione semaforizzata con;LARGO PASQUALE SARACENO;LARGO PASQUALE SARACENO;;;Scontro frontale fra veicoli in marcia;Intersezione semaforizzata;Una carreggiata a doppio senso;Asciutto;Asfaltata;Verticale ed orizzontale;Sereno;Scarso;Buona;Sufficiente;1;0;0;1;;;-1;1;Autovettura privata;In marcia / fermata / arresto;Conducente;F;Illeso;0;;Non accertato;Inesistente
1860514;2;27/12/2010 23:15;Strada Urbana;VIA CASSIA NUOVA;all'intersezione semaforizzata con;LARGO PASQUALE SARACENO;LARGO PASQUALE SARACENO;;;Scontro frontale fra veicoli in marcia;Intersezione semaforizzata;Una carreggiata a doppio senso;Asciutto;Asfaltata;Verticale ed orizzontale;Sereno;Scarso;Buona;Sufficiente;1;0;0;1;;;-1;2;Motociclo a solo;In marcia / fermata / arresto;Conducente;M;Ricoverato;0;NON DECEDUTO;Non accertato;Inesistente
1860515;11;17/12/2010 08:45;Strada Urbana;VIA ARDEATINA;all'intersezione con;VIA DI TOR CARBONE;VIA DI TOR CARBONE;;;Scontro frontale/laterale DX fra veicoli in marcia;Incrocio;Una carreggiata a senso unico di marcia;Asciutto;Asfaltata;Verticale ed orizzontale;Sereno;Intenso;Buona;Ore Diurne;1;0;0;1;;;-1;1;Autovettura privata;In marcia / fermata / arresto;Conducente;M;Illeso;0;;Non accertato;Inesploso
1860515;11;17/12/2010 08:45;Strada Urbana;VIA ARDEATINA;all'intersezione con;VIA DI TOR CARBONE;VIA DI TOR CARBONE;;;Scontro frontale/laterale DX fra veicoli in marcia;Incrocio;Una carreggiata a senso unico di marcia;Asciutto;Asfaltata;Verticale ed orizzontale;Sereno;Intenso;Buona;Ore Diurne;1;0;0;1;;;-1;2;Motociclo a solo;In marcia / fermata / arresto;Conducente;M;Rimandato;0;NON DECEDUTO;Non accertato;Inesistente
1860516;23;24/12/2010 10:05;Strada Urbana;VIA CRISTOFORO COLOMBO;all'intersezione semaforizzata con;VIA DI ACILIA;VIA DI ACILIA;;;Tamponamento;Intersezione semaforizzata;Più di due carreggiate;Bagnato (pioggia);Asfaltata;Verticale ed orizzontale;Nuvoloso;Scarso;Buona;Ore Diurne;1;0;0;1;;;-1;1;Autovettura privata;In marcia / fermata / arresto;Conducente;M;Illeso;0;;Utilizzato;Inesploso
1860516;23;24/12/2010 10:05;Strada Urbana;VIA CRISTOFORO COLOMBO;all'intersezione semaforizzata con;VIA DI ACILIA;VIA DI ACILIA;;;Tamponamento;Intersezione semaforizzata;Più di due carreggiate;Bagnato (pioggia);Asfaltata;Verticale ed orizzontale;Nuvoloso;Scarso;Buona;Ore Diurne;1;0;0;1;;;-1;2;Autovettura privata;In marcia / fermata / arresto;Conducente;M;Rifiuta cure immediate;0;NON DECEDUTO;Utilizzato;Esploso
1860517;23;27/12/2010 12:40;Strada Urbana;VIALE DELL'OCEANO ATLANTICO;all'intersezione con;PIAZZALE VENTICINQUE MARZO 1957;PIAZZALE VENTICINQUE MARZO 1957;;;Scontro laterale fra veicoli in marcia;Intersezione semaforizzata;Due carreggiate;Asciutto;Asfaltata;Verticale ed orizzontale;Nuvoloso;Normale;Buona;Ore Diurne;0;0;0;3;;;-1;1;Autovettura privata;In marcia / fermata / arresto;Conducente;F;Illeso;0;;Non accertato;Inesistente
1860517;23;27/12/2010 12:40;Strada Urbana;VIALE DELL'OCEANO ATLANTICO;all'intersezione con;PIAZZALE VENTICINQUE MARZO 1957;PIAZZALE VENTICINQUE MARZO 1957;;;Scontro laterale fra veicoli in marcia;Intersezione semaforizzata;Due carreggiate;Asciutto;Asfaltata;Verticale ed orizzontale;Nuvoloso;Normale;Buona;Ore Diurne;0;0;0;3;;;-1;1;Autovettura privata;In marcia / fermata / arresto;Passeggero;M;Illeso;0;;Non accertato;Inesistente
1860517;23;27/12/2010 12:40;Strada Urbana;VIALE DELL'OCEANO ATLANTICO;all'intersezione con;PIAZZALE VENTICINQUE MARZO 1957;PIAZZALE VENTICINQUE MARZO 1957;;;Scontro laterale fra veicoli in marcia;Intersezione semaforizzata;Due carreggiate;Asciutto;Asfaltata;Verticale ed orizzontale;Nuvoloso;Normale;Buona;Ore Diurne;0;0;0;3;;;-1;2;Autobus di linea;In marcia / fermata / arresto;Conducente;M;Illeso;0;;Esente;Inesistente
1860518;6;29/12/2010 22:30;Strada Urbana;VIA DELLE ROBINIE;all'intersezione con;PIAZZA DELLE CONIFERE;PIAZZA DELLE CONIFERE;;;Scontro frontale/laterale SX fra veicoli in marcia;Incrocio;Una carreggiata a doppio senso;Asciutto;Asfaltata;Verticale ed orizzontale;Sereno;Normale;Buona;Sufficiente;2;0;0;0;;;-1;1;Autovettura privata;In marcia / fermata / arresto;Conducente;M;Rifiuta cure immediate;0;NON DECEDUTO;Non accertato;Inesploso
1860518;6;29/12/2010 22:30;Strada Urbana;VIA DELLE ROBINIE;all'intersezione con;PIAZZA DELLE CONIFERE;PIAZZA DELLE CONIFERE;;;Scontro frontale/laterale SX fra veicoli in marcia;Incrocio;Una carreggiata a doppio senso;Asciutto;Asfaltata;Verticale ed orizzontale;Sereno;Normale;Buona;Sufficiente;2;0;0;0;;;-1;2;Autovettura privata;In marcia / fermata / arresto;Conducente;M;Rifiuta cure immediate;0;NON DECEDUTO;Non accertato;Esploso
1860519;19;27/12/2010 09:30;Strada Urbana;VIA DEI BRUNO;in prossimità;;del civico n. ;14;;Veicolo in marcia contro veicoli in sosta;Rettilineo;Una carreggiata a senso unico di marcia;Asciutto;Asfaltata;Assente;Nuvoloso;Scarso;Buona;Ore Diurne;0;0;0;2;;;-1;1;Autocarro inferiore 35 q.;In marcia / fermata / arresto;Conducente;M;Illeso;0;;Non accertato;Inesploso
1860519;19;27/12/2010 09:30;Strada Urbana;VIA DEI BRUNO;in prossimità;;del civico n. ;14;;Veicolo in marcia contro veicoli in sosta;Rettilineo;Una carreggiata a senso unico di marcia;Asciutto;Asfaltata;Assente;Nuvoloso;Scarso;Buona;Ore Diurne;0;0;0;2;;;-1;2;Autovettura privata;Sosta;Conducente;M;Illeso;0;;Non accertato;Inesploso
1860520;6;28/12/2010 17:30;Strada Urbana;VIA PRENESTINA;in corrispondenza;;del civico n. ;37;;Investimento di pedone;Rettilineo;Due carreggiate;Asciutto;Asfaltata;Verticale ed orizzontale;Sereno;Scarso;Insufficiente;Inesistente;1;0;0;3;;;-1;;;;Pedone;F;Ricoverato;0;NON DECEDUTO;;
1860520;6;28/12/2010 17:30;Strada Urbana;VIA PRENESTINA;in corrispondenza;;del civico n. ;37;;Investimento di pedone;Rettilineo;Due carreggiate;Asciutto;Asfaltata;Verticale ed orizzontale;Sereno;Scarso;Insufficiente;Inesistente;1;0;0;3;;;-1;1;Autovettura privata;In marcia / fermata / arresto;Conducente;F;Illeso;0;;Non accertato;Inesistente
1860520;6;28/12/2010 17:30;Strada Urbana;VIA PRENESTINA;in corrispondenza;;del civico n. ;37;;Investimento di pedone;Rettilineo;Due carreggiate;Asciutto;Asfaltata;Verticale ed orizzontale;Sereno;Scarso;Insufficiente;Inesistente;1;0;0;3;;;-1;1;Autovettura privata;In marcia / fermata / arresto;Passeggero;F;Illeso;0;;Non accertato;Inesistente
1860520;6;28/12/2010 17:30;Strada Urbana;VIA PRENESTINA;in corrispondenza;;del civico n. ;37;;Investimento di pedone;Rettilineo;Due carreggiate;Asciutto;Asfaltata;Verticale ed orizzontale;Sereno;Scarso;Insufficiente;Inesistente;1;0;0;3;;;-1;1;Autovettura privata;In marcia / fermata / arresto;Passeggero;F;Illeso;0;;Non accertato;Inesistente
1860521;12;24/12/2010 18:15;Provinciale;VIA ARDEATINA;in prossimità;;del civico n. ;1221;;Veicolo in marcia contro ostacolo accidentale;Rettilineo;Una carreggiata a doppio senso;Bagnato (pioggia);Asfaltata;Verticale ed orizzontale;Pioggia in atto;Normale;Sufficiente;Sufficiente;0;0;0;1;;;-1;1;Autovettura privata;In marcia / fermata / arresto;Conducente;M;Illeso;0;;Utilizzato;Inesploso
1860522;12;24/12/2010 19:15;Provinciale;VIA ARDEATINA;da specificare;;;;prossimità ingresso Divino Amore lato Posta;Veicolo in marcia contro ostacolo accidentale;Rettilineo;Una carreggiata a doppio senso;Bagnato (pioggia);Asfaltata;Verticale ed orizzontale;Pioggia in atto;Normale;Sufficiente;Sufficiente;0;0;0;1;;;-1;1;Autovettura privata;In marcia / fermata / arresto;Conducente;M;Illeso;0;;Utilizzato;Inesistente
1860523;15;28/12/2010 06:15;Comunale extraurbana;VIA DI PONTE GALERIA;in prossimità;;del palo luce n. ;5;;Fuoriuscita dalla sede stradale;Curva a visuale libera;Una carreggiata a doppio senso;Ghiacciato;Asfaltata;Assente;Sereno;Scarso;Sufficiente;Sufficiente;0;0;0;1;;;-1;1;Autovettura privata;In marcia / fermata / arresto;Conducente;M;Illeso;0;;Utilizzato;Inesistente
1860524;15;28/12/2010 09:00;Comunale extraurbana;VIA DELLA MAGLIANA;in prossimità;;del palo luce n. ;292;;Tamponamento Multiplo;Rettilineo;Una carreggiata a doppio senso;Asciutto;Asfaltata;Orizzontale;Sereno;Intenso;Buona;Ore Diurne;2;0;0;2;;;-1;1;Autovettura pubblica;In marcia / fermata / arresto;Conducente;M;Illeso;0;;Utilizzato;Inesistente
1860524;15;28/12/2010 09:00;Comunale extraurbana;VIA DELLA MAGLIANA;in prossimità;;del palo luce n. ;292;;Tamponamento Multiplo;Rettilineo;Una carreggiata a doppio senso;Asciutto;Asfaltata;Orizzontale;Sereno;Intenso;Buona;Ore Diurne;2;0;0;2;;;-1;2;Autocarro inferiore 35 q.;In marcia / fermata / arresto;Conducente;M;Illeso;0;;Utilizzato;Inesistente
1860524;15;28/12/2010 09:00;Comunale extraurbana;VIA DELLA MAGLIANA;in prossimità;;del palo luce n. ;292;;Tamponamento Multiplo;Rettilineo;Una carreggiata a doppio senso;Asciutto;Asfaltata;Orizzontale;Sereno;Intenso;Buona;Ore Diurne;2;0;0;2;;;-1;2;Autocarro inferiore 35 q.;In marcia / fermata / arresto;Passeggero;M;Rimandato;0;NON DECEDUTO;Utilizzato;Inesistente
1860524;15;28/12/2010 09:00;Comunale extraurbana;VIA DELLA MAGLIANA;in prossimità;;del palo luce n. ;292;;Tamponamento Multiplo;Rettilineo;Una carreggiata a doppio senso;Asciutto;Asfaltata;Orizzontale;Sereno;Intenso;Buona;Ore Diurne;2;0;0;2;;;-1;3;Autovettura privata;In marcia / fermata / arresto;Conducente;F;Rimandato;0;NON DECEDUTO;Utilizzato;Esploso
1860525;15;28/12/2010 21:30;Strada Urbana;VIA DELLA MAGLIANA;in corrispondenza;;del civico n. ;138/F;;Scontro laterale fra veicoli in marcia;Rettilineo;Una carreggiata a doppio senso;Asciutto;Asfaltata;Verticale ed orizzontale;Sereno;Scarso;Buona;Sufficiente;0;0;0;2;;;-1;1;Autovettura privata;In marcia / fermata / arresto;Conducente;M;Illeso;0;;Utilizzato;Inesistente
1860525;15;28/12/2010 21:30;Strada Urbana;VIA DELLA MAGLIANA;in corrispondenza;;del civico n. ;138/F;;Scontro laterale fra veicoli in marcia;Rettilineo;Una carreggiata a doppio senso;Asciutto;Asfaltata;Verticale ed orizzontale;Sereno;Scarso;Buona;Sufficiente;0;0;0;2;;;-1;2;Autocarro inferiore 35 q.;In marcia / fermata / arresto;Conducente;M;Illeso;0;;Utilizzato;Inesistente
1860526;19;27/12/2010 17:50;Strada Urbana;VIA S. GIUSEPPE DA COPERTINO;da specificare;;;;svincolo GRA direzione FIRENZE Cassia;Tamponamento;Rettilineo;Due carreggiate;Asciutto;Asfaltata;Verticale ed orizzontale;Sereno;Scarso;Buona;Sufficiente;1;0;0;2;;;-1;1;Autovettura privata;In marcia / fermata / arresto;Conducente;M;Illeso;0;;Utilizzato;Inesploso
1860526;19;27/12/2010 17:50;Strada Urbana;VIA S. GIUSEPPE DA COPERTINO;da specificare;;;;svincolo GRA direzione FIRENZE Cassia;Tamponamento;Rettilineo;Due carreggiate;Asciutto;Asfaltata;Verticale ed orizzontale;Sereno;Scarso;Buona;Sufficiente;1;0;0;2;;;-1;1;Autovettura privata;In marcia / fermata / arresto;Passeggero;F;Illeso;0;;Non accertato;Inesistente
1860526;19;27/12/2010 17:50;Strada Urbana;VIA S. GIUSEPPE DA COPERTINO;da specificare;;;;svincolo GRA direzione FIRENZE Cassia;Tamponamento;Rettilineo;Due carreggiate;Asciutto;Asfaltata;Verticale ed orizzontale;Sereno;Scarso;Buona;Sufficiente;1;0;0;2;;;-1;2;Autovettura privata;In marcia / fermata / arresto;Conducente;M;Rimandato;0;NON DECEDUTO;Non accertato;Inesploso
1860527;15;28/12/2010 14:55;Strada Urbana;VIALE GUGLIELMO MARCONI;in corrispondenza;;del civico n. ;172;;Tamponamento Multiplo;Rettilineo;Due carreggiate;Asciutto;Asfaltata;Orizzontale;Sereno;Normale;Buona;Ore Diurne;0;0;0;5;;;-1;1;Autovettura privata;In marcia / fermata / arresto;Conducente;F;Illeso;0;;Utilizzato;Inesistente
1860527;15;28/12/2010 14:55;Strada Urbana;VIALE GUGLIELMO MARCONI;in corrispondenza;;del civico n. ;172;;Tamponamento Multiplo;Rettilineo;Due carreggiate;Asciutto;Asfaltata;Orizzontale;Sereno;Normale;Buona;Ore Diurne;0;0;0;5;;;-1;2;Autovettura privata;In marcia / fermata / arresto;Conducente;F;Illeso;0;;Utilizzato;Inesistente
1860527;15;28/12/2010 14:55;Strada Urbana;VIALE GUGLIELMO MARCONI;in corrispondenza;;del civico n. ;172;;Tamponamento Multiplo;Rettilineo;Due carreggiate;Asciutto;Asfaltata;Orizzontale;Sereno;Normale;Buona;Ore Diurne;0;0;0;5;;;-1;2;Autovettura privata;In marcia / fermata / arresto;Passeggero;F;Illeso;0;;Utilizzato;Inesistente
1860527;15;28/12/2010 14:55;Strada Urbana;VIALE GUGLIELMO MARCONI;in corrispondenza;;del civico n. ;172;;Tamponamento Multiplo;Rettilineo;Due carreggiate;Asciutto;Asfaltata;Orizzontale;Sereno;Normale;Buona;Ore Diurne;0;0;0;5;;;-1;3;Autovettura privata;In marcia / fermata / arresto;Conducente;F;Illeso;0;;Utilizzato;Inesistente
1860528;12;24/12/2010 18:00;Provinciale;VIA ARDEATINA;in corrispondenza;;del civico n. ;1221;;Veicolo in marcia contro ostacolo accidentale;Rettilineo;Una carreggiata a doppio senso;Bagnato (pioggia);Asfaltata;Verticale ed orizzontale;Pioggia in atto;Normale;Sufficiente;Sufficiente;0;0;0;1;;;0;1;Autovettura privata;In marcia / fermata / arresto;Conducente;M;Illeso;0;;Utilizzato;Inesploso
1860529;6;29/12/2010 08:49;Strada Urbana;VIA PRENESTINA;all'intersezione semaforizzata con;LARGO NICOLO' DE' LAPI;LARGO NICOLO' DE' LAPI;;;Tamponamento;Intersezione semaforizzata;Due carreggiate;Asciutto;Asfaltata;Verticale ed orizzontale;Sereno;Normale;Buona;Ore Diurne;1;0;0;1;;;-1;1;Motociclo a solo;In marcia / fermata / arresto;Conducente;M;Rifiuta cure immediate;0;NON DECEDUTO;Non accertato;Inesistente
1860529;6;29/12/2010 08:49;Strada Urbana;VIA PRENESTINA;all'intersezione semaforizzata con;LARGO NICOLO' DE' LAPI;LARGO NICOLO' DE' LAPI;;;Tamponamento;Intersezione semaforizzata;Due carreggiate;Asciutto;Asfaltata;Verticale ed orizzontale;Sereno;Normale;Buona;Ore Diurne;1;0;0;1;;;-1;2;Motociclo a solo;In marcia / fermata / arresto;Conducente;M;Illeso;0;;Non accertato;Inesistente
1860530;15;29/12/2010 01:10;Strada Urbana;VICOLO DEL FOSSO DI PAPA LEONE;da specificare;;;;FRONTE PALO ACEA 86;Scontro frontale/laterale DX fra veicoli in marcia;Curva senza visuale libera;Una carreggiata a doppio senso;Asciutto;Asfaltata;Verticale;Sereno;Scarso;Buona;Sufficiente;2;0;0;1;;;-1;1;Autovettura privata;In marcia / fermata / arresto;Conducente;M;Illeso;0;;Non accertato;Inesploso
1860530;15;29/12/2010 01:10;Strada Urbana;VICOLO DEL FOSSO DI PAPA LEONE;da specificare;;;;FRONTE PALO ACEA 86;Scontro frontale/laterale DX fra veicoli in marcia;Curva senza visuale libera;Una carreggiata a doppio senso;Asciutto;Asfaltata;Verticale;Sereno;Scarso;Buona;Sufficiente;2;0;0;1;;;-1;2;Ciclomotore;In marcia / fermata / arresto;Conducente;M;Ricoverato;0;NON DECEDUTO;Non accertato;Inesistente
1860530;15;29/12/2010 01:10;Strada Urbana;VICOLO DEL FOSSO DI PAPA LEONE;da specificare;;;;FRONTE PALO ACEA 86;Scontro frontale/laterale DX fra veicoli in marcia;Curva senza visuale libera;Una carreggiata a doppio senso;Asciutto;Asfaltata;Verticale;Sereno;Scarso;Buona;Sufficiente;2;0;0;1;;;-1;2;Ciclomotore;In marcia / fermata / arresto;Passeggero;M;Ricoverato;0;NON DECEDUTO;Non accertato;Inesistente
1860532;9;29/12/2010 07:00;Strada Urbana;VIA VOGHERA;all'intersezione con;VIA VOLTERRA;VIA VOLTERRA;;;Scontro laterale fra veicoli in marcia;Incrocio;Una carreggiata a doppio senso;Asciutto;Asfaltata;Verticale ed orizzontale;Sereno;Normale;Buona;Ore Diurne;0;0;0;2;;;-1;1;Autovettura privata;In marcia / fermata / arresto;Conducente;M;Illeso;0;;Non accertato;Inesistente
1860532;9;29/12/2010 07:00;Strada Urbana;VIA VOGHERA;all'intersezione con;VIA VOLTERRA;VIA VOLTERRA;;;Scontro laterale fra veicoli in marcia;Incrocio;Una carreggiata a doppio senso;Asciutto;Asfaltata;Verticale ed orizzontale;Sereno;Normale;Buona;Ore Diurne;0;0;0;2;;;-1;2;Autovettura privata;In marcia / fermata / arresto;Conducente;F;Illeso;0;;Non accertato;Inesistente
1860533;15;29/12/2010 20:40;Strada Urbana;VIA PORTUENSE;da specificare;;;;SOTTOPASSO FERROVIARIO PROX. civico 319/C;Veicolo in marcia contro ostacolo fisso;Sottopasso non illuminato;Una carreggiata a doppio senso;Bagnato (umidità in atto);Asfaltata;Orizzontale;Sereno;Normale;Buona;Insufficiente;0;0;0;2;;;-1;1;Autocarro inferiore 35 q.;In marcia / fermata / arresto;Conducente;F;Illeso;0;;Utilizzato;Inesistente
1860533;15;29/12/2010 20:40;Strada Urbana;VIA PORTUENSE;da specificare;;;;SOTTOPASSO FERROVIARIO PROX. civico 319/C;Veicolo in marcia contro ostacolo fisso;Sottopasso non illuminato;Una carreggiata a doppio senso;Bagnato (umidità in atto);Asfaltata;Orizzontale;Sereno;Normale;Buona;Insufficiente;0;0;0;2;;;-1;1;Autocarro inferiore 35 q.;In marcia / fermata / arresto;Passeggero;M;Illeso;0;;Utilizzato;Inesistente
1860534;9;29/12/2010 15:15;Strada Urbana;VIA ORVIETO;all'intersezione semaforizzata con;VIA TARANTO;VIA TARANTO;;;Scontro frontale/laterale SX fra veicoli in marcia;Incrocio;Due carreggiate;Asciutto;Asfaltata;Verticale ed orizzontale;Sereno;Normale;Buona;Ore Diurne;1;0;0;2;;;-1;1;Autovettura privata;In marcia / fermata / arresto;Conducente;M;Illeso;0;;Utilizzato;Inesploso
1860534;9;29/12/2010 15:15;Strada Urbana;VIA ORVIETO;all'intersezione semaforizzata con;VIA TARANTO;VIA TARANTO;;;Scontro frontale/laterale SX fra veicoli in marcia;Incrocio;Due carreggiate;Asciutto;Asfaltata;Verticale ed orizzontale;Sereno;Normale;Buona;Ore Diurne;1;0;0;2;;;-1;1;Autovettura privata;In marcia / fermata / arresto;Passeggero;M;Illeso;0;;Utilizzato;Inesploso
1860534;9;29/12/2010 15:15;Strada Urbana;VIA ORVIETO;all'intersezione semaforizzata con;VIA TARANTO;VIA TARANTO;;;Scontro frontale/laterale SX fra veicoli in marcia;Incrocio;Due carreggiate;Asciutto;Asfaltata;Verticale ed orizzontale;Sereno;Normale;Buona;Ore Diurne;1;0;0;2;;;-1;2;Autovettura privata;In marcia / fermata / arresto;Conducente;M;Rimandato;0;NON DECEDUTO;Utilizzato;Inesploso
1860535;9;29/12/2010 20:10;Statale entro l'abitato;VIA APPIA NUOVA;all'intersezione con;VIA ENEA;VIA ENEA;;;Scontro frontale/laterale DX fra veicoli in marcia;Intersezione stradale segnalata;Due carreggiate;Asciutto;Asfaltata;Verticale ed orizzontale;Sereno;Normale;Sufficiente;Sufficiente;0;0;0;1;;;-1;1;Autovettura privata;In marcia / fermata / arresto;Conducente;M;Illeso;0;;Non accertato;Inesistente
1860537;9;29/12/2010 20:15;Strada Urbana;VIA DELLE CAVE;in corrispondenza;;del civico n. ;99/A;;Scontro laterale fra veicoli in marcia;Rettilineo;Due carreggiate;Asciutto;Asfaltata;Verticale ed orizzontale;Sereno;Scarso;Buona;Sufficiente;1;0;0;0;;;0;1;Motociclo a solo;In marcia / fermata / arresto;Conducente;M;Rimandato;0;NON DECEDUTO;Non accertato;Inesistente
1860538;12;26/12/2010 12:40;Strada Urbana;VIA CRISTOFORO COLOMBO;da specificare;;;;altezza via Soncelli;Veicolo in marcia contro ostacolo accidentale;Rettilineo;Due carreggiate;Asciutto;Asfaltata;Verticale ed orizzontale;Sereno;Normale;Buona;Ore Diurne;0;0;0;1;;;-1;1;Autovettura privata;In marcia / fermata / arresto;Conducente;M;Illeso;0;;Utilizzato;Inesploso
1860539;15;30/12/2010 03:30;Strada Urbana;VIA PORTUENSE;in prossimità;;del civico n. ;331;;Veicolo in marcia contro veicoli in sosta;Rettilineo;Una carreggiata a doppio senso;Asciutto;Asfaltata;Orizzontale;Nuvoloso;Scarso;Sufficiente;Sufficiente;1;0;0;0;;;-1;1;Autovettura privata;In marcia / fermata / arresto;Conducente;M;Rimandato;0;NON DECEDUTO;Non accertato;Inesistente
1860540;9;29/12/2010 22:30;Strada Urbana;PIAZZA DI PONTE LUNGO;da specificare;;;;fronte civico 12;Scontro frontale/laterale DX fra veicoli in marcia;Rettilineo;Più di due carreggiate;Asciutto;Asfaltata;Verticale ed orizzontale;Sereno;Scarso;Buona;Sufficiente;1;0;0;2;;;-1;1;Autovettura privata;In marcia / fermata / arresto;Conducente;M;Illeso;0;;Non accertato;Inesistente
1860540;9;29/12/2010 22:30;Strada Urbana;PIAZZA DI PONTE LUNGO;da specificare;;;;fronte civico 12;Scontro frontale/laterale DX fra veicoli in marcia;Rettilineo;Più di due carreggiate;Asciutto;Asfaltata;Verticale ed orizzontale;Sereno;Scarso;Buona;Sufficiente;1;0;0;2;;;-1;1;Autovettura privata;In marcia / fermata / arresto;Passeggero;F;Illeso;0;;Non accertato;Inesistente
1860540;9;29/12/2010 22:30;Strada Urbana;PIAZZA DI PONTE LUNGO;da specificare;;;;fronte civico 12;Scontro frontale/laterale DX fra veicoli in marcia;Rettilineo;Più di due carreggiate;Asciutto;Asfaltata;Verticale ed orizzontale;Sereno;Scarso;Buona;Sufficiente;1;0;0;2;;;-1;2;Motociclo a solo;In marcia / fermata / arresto;Conducente;F;Rimandato;0;NON DECEDUTO;Non accertato;Inesistente
1860541;12;26/12/2010 12:20;Strada Urbana;VIALE DEGLI EROI DI CEFALONIA;all'intersezione con;VIALE DEI CADUTI NELLA GUERRA DI LIBERAZIONE;VIALE DEI CADUTI NELLA GUERRA DI LIBERAZIONE;;;Scontro laterale fra veicoli in marcia;Incrocio;Una carreggiata a senso unico di marcia;Asciutto;Asfaltata;Verticale ed orizzontale;Sereno;Normale;Buona;Ore Diurne;1;0;0;1;;;-1;1;Autovettura privata;In marcia / fermata / arresto;Conducente;F;Illeso;0;;Utilizzato;Inesistente
1860541;12;26/12/2010 12:20;Strada Urbana;VIALE DEGLI EROI DI CEFALONIA;all'intersezione con;VIALE DEI CADUTI NELLA GUERRA DI LIBERAZIONE;VIALE DEI CADUTI NELLA GUERRA DI LIBERAZIONE;;;Scontro laterale fra veicoli in marcia;Incrocio;Una carreggiata a senso unico di marcia;Asciutto;Asfaltata;Verticale ed orizzontale;Sereno;Normale;Buona;Ore Diurne;1;0;0;1;;;-1;2;Velocipede;In marcia / fermata / arresto;Conducente;M;Rimandato;0;NON DECEDUTO;Utilizzato;Inesistente
1860542;12;26/12/2010 12:50;Strada Urbana;PIAZZA AZOLINO HAZON;all'intersezione con;VIALE DELLA GRANDE MURAGLIA;VIALE DELLA GRANDE MURAGLIA;;;Veicolo in marcia contro ostacolo accidentale;Rotatoria;Una carreggiata a senso unico di marcia;Asciutto;Con buche;Verticale ed orizzontale;Nuvoloso;Scarso;Buona;Ore Diurne;0;0;0;1;;;-1;1;Autovettura privata;In marcia / fermata / arresto;Conducente;M;Illeso;0;;Utilizzato;Inesistente