Protocollo;Gruppo;DataOraIncidente;Localizzazione1;STRADA1;Localizzazione2;STRADA2;Strada02;Chilometrica;DaSpecificare;NaturaIncidente;particolaritastrade;TipoStrada;FondoStradale;Pavimentazione;Segnaletica;CondizioneAtmosferica;Traffico;Visibilita;Illuminazione;NUM_FERITI;NUM_RISERVATA;NUM_MORTI;NUM_ILLESI;Longitudine;Latitudine;Confermato;Progressivo;TipoVeicolo;StatoVeicolo;TipoPersona;Sesso;Tipolesione;Deceduto;DecedutoDopo;CinturaCascoUtilizzato;Airbag
1860892;2;30/12/2010 21:45;Strada Urbana;VIALE PARIOLI;in prossimità;;del civico n. ;162;;Scontro frontale/laterale SX fra veicoli in marcia;Rettilineo;Una carreggiata a doppio senso;Asciutto;Asfaltata;Orizzontale;Sereno;Normale;Buona;Sufficiente;0;1;0;1;;;-1;1;Autovettura privata;In marcia / fermata / arresto;Conducente;M;Illeso;0;;Non accertato;Inesistente
1860892;2;30/12/2010 21:45;Strada Urbana;VIALE PARIOLI;in prossimità;;del civico n. ;162;;Scontro frontale/laterale SX fra veicoli in marcia;Rettilineo;Una carreggiata a doppio senso;Asciutto;Asfaltata;Orizzontale;Sereno;Normale;Buona;Sufficiente;0;1;0;1;;;-1;2;Ciclomotore;In marcia / fermata / arresto;Conducente;M;Prognosi riservata;0;NON DECEDUTO;Non accertato;Inesistente
1860899;2;31/12/2010 15:15;Strada Urbana;VIA ANTONIO SANT'ELIA;in corrispondenza;;del civico n. ;11;;Scontro laterale fra veicoli in marcia;Rettilineo;Una carreggiata a doppio senso;Asciutto;Asfaltata;Verticale ed orizzontale;Nuvoloso;Scarso;Buona;Ore Diurne;0;0;0;2;;;-1;1;Autovettura privata;In marcia / fermata / arresto;Conducente;M;Illeso;0;;Non accertato;Inesploso
1860899;2;31/12/2010 15:15;Strada Urbana;VIA ANTONIO SANT'ELIA;in corrispondenza;;del civico n. ;11;;Scontro laterale fra veicoli in marcia;Rettilineo;Una carreggiata a doppio senso;Asciutto;Asfaltata;Verticale ed orizzontale;Nuvoloso;Scarso;Buona;Ore Diurne;0;0;0;2;;;-1;2;Autovettura privata;In marcia / fermata / arresto;Conducente;M;Illeso;0;;Non accertato;Inesploso
1860901;11;07/12/2010 19:30;Strada Urbana;VIA MARIO RIGAMONTI;all'intersezione con;VIA MARIO BIANCHINI;VIA MARIO BIANCHINI;;;Scontro laterale fra veicoli in marcia;Incrocio;Una carreggiata a doppio senso;Asciutto;Asfaltata;Verticale ed orizzontale;Sereno;Scarso;Buona;Sufficiente;0;0;0;2;;;-1;1;Autovettura privata;In marcia / fermata / arresto;Conducente;M;Illeso;0;;Non accertato;Inesistente
1860901;11;07/12/2010 19:30;Strada Urbana;VIA MARIO RIGAMONTI;all'intersezione con;VIA MARIO BIANCHINI;VIA MARIO BIANCHINI;;;Scontro laterale fra veicoli in marcia;Incrocio;Una carreggiata a doppio senso;Asciutto;Asfaltata;Verticale ed orizzontale;Sereno;Scarso;Buona;Sufficiente;0;0;0;2;;;-1;2;Autovettura privata;In marcia / fermata / arresto;Conducente;F;Illeso;0;;Non accertato;Inesploso
1860903;2;31/12/2010 15:20;Strada Urbana;PIAZZA DEI CARRACCI;all'intersezione semaforizzata con;VIA RABIRIO;VIA RABIRIO;;;Scontro frontale/laterale SX fra veicoli in marcia;Intersezione semaforizzata;Una carreggiata a senso unico di marcia;Asciutto;Asfaltata;Verticale ed orizzontale;Nuvoloso;Scarso;Buona;Ore Diurne;0;0;0;2;;;-1;1;Autovettura privata;In marcia / fermata / arresto;Conducente;F;Illeso;0;;Non accertato;Inesploso
1860903;2;31/12/2010 15:20;Strada Urbana;PIAZZA DEI CARRACCI;all'intersezione semaforizzata con;VIA RABIRIO;VIA RABIRIO;;;Scontro frontale/laterale SX fra veicoli in marcia;Intersezione semaforizzata;Una carreggiata a senso unico di marcia;Asciutto;Asfaltata;Verticale ed orizzontale;Nuvoloso;Scarso;Buona;Ore Diurne;0;0;0;2;;;-1;2;Autovettura privata;In marcia / fermata / arresto;Conducente;M;Illeso;0;;Non accertato;Inesploso
1860904;11;09/12/2010 12:00;Strada Urbana;VIA TITO OMBONI;in prossimità;;del civico n. ;50;;Veicolo in marcia contro veicolo fermo;Rettilineo;Due carreggiate;Asciutto;Asfaltata;Verticale ed orizzontale;Nuvoloso;Normale;Buona;Ore Diurne;0;0;0;2;;;-1;0;Autovettura privata;In marcia / fermata / arresto;Conducente;F;Illeso;0;;Non accertato;Inesistente
1860904;11;09/12/2010 12:00;Strada Urbana;VIA TITO OMBONI;in prossimità;;del civico n. ;50;;Veicolo in marcia contro veicolo fermo;Rettilineo;Due carreggiate;Asciutto;Asfaltata;Verticale ed orizzontale;Nuvoloso;Normale;Buona;Ore Diurne;0;0;0;2;;;-1;0;Autovettura privata;In marcia / fermata / arresto;Passeggero;M;Illeso;0;;Non accertato;Inesistente
1860905;11;10/12/2010 01:00;Strada Urbana;VIALE DEL TINTORETTO;in prossimità;;del civico n. ;180;;Veicolo in marcia contro ostacolo fisso;Rettilineo;Due carreggiate;Asciutto;Asfaltata;Verticale ed orizzontale;Sereno;Scarso;Sufficiente;Sufficiente;0;0;0;1;;;-1;1;Autovettura privata;In marcia / fermata / arresto;Conducente;M;Illeso;0;;Non accertato;Inesistente
1860908;4;06/12/2010 10:00;Strada Urbana;VIA PIAN DI SCO;all'intersezione con;VIA GAETANO ZIRARDINI;VIA GAETANO ZIRARDINI;;;Scontro frontale fra veicoli in marcia;Incrocio;Una carreggiata a doppio senso;Asciutto;Asfaltata;Verticale ed orizzontale;Sereno;Normale;Buona;Ore Diurne;1;0;0;0;;;-1;1;Motociclo a solo;In marcia / fermata / arresto;Conducente;M;Rimandato;0;NON DECEDUTO;Non accertato;Inesistente
1860910;11;09/12/2010 10:40;Strada Urbana;VIA OSTIENSE;in corrispondenza;;del civico n. ;129;;Scontro laterale fra veicoli in marcia;Rettilineo;Più di due carreggiate;Asciutto;Asfaltata;Verticale ed orizzontale;Nuvoloso;Scarso;Buona;Ore Diurne;0;0;0;2;;;-1;1;Motociclo a solo;In marcia / fermata / arresto;Conducente;M;Illeso;0;;Utilizzato;Inesistente
1860910;11;09/12/2010 10:40;Strada Urbana;VIA OSTIENSE;in corrispondenza;;del civico n. ;129;;Scontro laterale fra veicoli in marcia;Rettilineo;Più di due carreggiate;Asciutto;Asfaltata;Verticale ed orizzontale;Nuvoloso;Scarso;Buona;Ore Diurne;0;0;0;2;;;-1;2;Veicolo speciale;In marcia / fermata / arresto;Conducente;M;Illeso;0;;Utilizzato;Inesistente
1860911;4;06/12/2010 08:47;Strada Urbana;VIA VIRGILIO TALLI;da specificare;;;;in prossimità via De Angelis;Scontro laterale fra veicoli in marcia;Rettilineo;Una carreggiata a doppio senso;Asciutto;Asfaltata;Orizzontale;Sereno;Normale;Buona;Ore Diurne;0;0;0;2;;;-1;1;Filobus;In marcia / fermata / arresto;Conducente;M;Illeso;0;;Non accertato;Inesistente
1860911;4;06/12/2010 08:47;Strada Urbana;VIA VIRGILIO TALLI;da specificare;;;;in prossimità via De Angelis;Scontro laterale fra veicoli in marcia;Rettilineo;Una carreggiata a doppio senso;Asciutto;Asfaltata;Orizzontale;Sereno;Normale;Buona;Ore Diurne;0;0;0;2;;;-1;2;Autocarro inferiore 35 q.;In marcia / fermata / arresto;Conducente;M;Illeso;0;;Non accertato;Inesistente
1860913;11;12/12/2010 05:30;Strada Urbana;VIA SALVATORE DI GIACOMO;all'intersezione con;VIA DI GROTTA PERFETTA;VIA DI GROTTA PERFETTA;;;Veicolo in marcia contro ostacolo fisso;Incrocio;Due carreggiate;Asciutto;Asfaltata;Verticale ed orizzontale;Sereno;Scarso;Sufficiente;Sufficiente;0;0;0;1;;;-1;1;Autovettura privata;In marcia / fermata / arresto;Conducente;M;Illeso;0;;Non accertato;Inesistente
1860917;11;12/12/2010 20:50;Strada Urbana;VIA CRISTOFORO COLOMBO;all'intersezione con;VIA OROPA;VIA OROPA;;;Scontro laterale fra veicoli in marcia;Incrocio;Più di due carreggiate;Asciutto;Asfaltata;Verticale ed orizzontale;Sereno;Normale;Buona;Sufficiente;0;0;0;2;;;-1;1;Autovettura privata;In marcia / fermata / arresto;Conducente;F;Illeso;0;;Utilizzato;Inesistente
1860917;11;12/12/2010 20:50;Strada Urbana;VIA CRISTOFORO COLOMBO;all'intersezione con;VIA OROPA;VIA OROPA;;;Scontro laterale fra veicoli in marcia;Incrocio;Più di due carreggiate;Asciutto;Asfaltata;Verticale ed orizzontale;Sereno;Normale;Buona;Sufficiente;0;0;0;2;;;-1;2;Autovettura privata;In marcia / fermata / arresto;Conducente;F;Illeso;0;;Utilizzato;Inesistente
1860933;8;19/12/2010 19:20;Strada Urbana;VIA DELL'ARCHEOLOGIA;in prossimità;;del civico n. ;52;;Investimento di pedone;Rettilineo;Una carreggiata a doppio senso;Bagnato (umidità in atto);Asfaltata;Verticale ed orizzontale;Nuvoloso;Normale;Sufficiente;Sufficiente;1;0;0;0;;;-1;;;;Pedone;M;Ricoverato;0;NON DECEDUTO;;
1860935;18;31/12/2010 17:10;Strada Urbana;VIA DI BOCCEA;da specificare;;;;altezza VIA VEROLENGO;Tamponamento Multiplo;Pendenza;Due carreggiate;Asciutto;Asfaltata;Verticale ed orizzontale;Nuvoloso;Normale;Buona;Sufficiente;0;0;0;5;;;-1;1;Autovettura privata;In marcia / fermata / arresto;Conducente;M;Illeso;0;;Non accertato;Inesistente
1860935;18;31/12/2010 17:10;Strada Urbana;VIA DI BOCCEA;da specificare;;;;altezza VIA VEROLENGO;Tamponamento Multiplo;Pendenza;Due carreggiate;Asciutto;Asfaltata;Verticale ed orizzontale;Nuvoloso;Normale;Buona;Sufficiente;0;0;0;5;;;-1;2;Autovettura privata;In marcia / fermata / arresto;Conducente;M;Illeso;0;;Non accertato;Inesploso
1860935;18;31/12/2010 17:10;Strada Urbana;VIA DI BOCCEA;da specificare;;;;altezza VIA VEROLENGO;Tamponamento Multiplo;Pendenza;Due carreggiate;Asciutto;Asfaltata;Verticale ed orizzontale;Nuvoloso;Normale;Buona;Sufficiente;0;0;0;5;;;-1;2;Autovettura privata;In marcia / fermata / arresto;Passeggero;M;Illeso;0;;Non accertato;Inesistente
1860935;18;31/12/2010 17:10;Strada Urbana;VIA DI BOCCEA;da specificare;;;;altezza VIA VEROLENGO;Tamponamento Multiplo;Pendenza;Due carreggiate;Asciutto;Asfaltata;Verticale ed orizzontale;Nuvoloso;Normale;Buona;Sufficiente;0;0;0;5;;;-1;2;Autovettura privata;In marcia / fermata / arresto;Passeggero;M;Illeso;0;;Non accertato;Inesploso
1860935;18;31/12/2010 17:10;Strada Urbana;VIA DI BOCCEA;da specificare;;;;altezza VIA VEROLENGO;Tamponamento Multiplo;Pendenza;Due carreggiate;Asciutto;Asfaltata;Verticale ed orizzontale;Nuvoloso;Normale;Buona;Sufficiente;0;0;0;5;;;-1;3;Autovettura privata;In marcia / fermata / arresto;Conducente;M;Illeso;0;;Non accertato;Inesploso
1860947;18;31/12/2010 18:20;Strada Urbana;VIA LEONE XIII;in prossimità;;del civico n. ;350;;Ribaltamento senza urto contro ostacolo fisso;Rettilineo;Due carreggiate;Asciutto;Asfaltata;Orizzontale;Nuvoloso;Scarso;Sufficiente;Sufficiente;1;0;0;0;;;-1;1;Ciclomotore;In marcia / fermata / arresto;Conducente;M;Rifiuta cure immediate;0;NON DECEDUTO;Non accertato;Inesistente
1860949;16;25/12/2010 01:40;Strada Urbana;VIA DEL QUARTACCIO;in corrispondenza;;del civico n. ;60;;Veicolo in marcia contro ostacolo accidentale;Rettilineo;Una carreggiata a doppio senso;Bagnato (umidità in atto);Con buche;Verticale ed orizzontale;Nuvoloso;Scarso;Buona;Sufficiente;0;0;0;2;;;-1;1;Autovettura privata;In marcia / fermata / arresto;Conducente;M;Illeso;0;;Non accertato;Inesistente
1860949;16;25/12/2010 01:40;Strada Urbana;VIA DEL QUARTACCIO;in corrispondenza;;del civico n. ;60;;Veicolo in marcia contro ostacolo accidentale;Rettilineo;Una carreggiata a doppio senso;Bagnato (umidità in atto);Con buche;Verticale ed orizzontale;Nuvoloso;Scarso;Buona;Sufficiente;0;0;0;2;;;-1;1;Autovettura privata;In marcia / fermata / arresto;Passeggero;F;Illeso;0;;Non accertato;Inesistente
1860963;4;06/12/2010 15:30;Provinciale;VIA NOMENTANA;all'intersezione con;VIA DI S. ALESSANDRO;VIA DI S. ALESSANDRO;;;Scontro frontale/laterale SX fra veicoli in marcia;Incrocio;Una carreggiata a doppio senso;Asciutto;Asfaltata;Verticale ed orizzontale;Nuvoloso;Normale;Buona;Ore Diurne;1;0;0;1;;;-1;1;Autovettura privata;In marcia / fermata / arresto;Conducente;M;Illeso;0;;Non accertato;Inesistente
1860963;4;06/12/2010 15:30;Provinciale;VIA NOMENTANA;all'intersezione con;VIA DI S. ALESSANDRO;VIA DI S. ALESSANDRO;;;Scontro frontale/laterale SX fra veicoli in marcia;Incrocio;Una carreggiata a doppio senso;Asciutto;Asfaltata;Verticale ed orizzontale;Nuvoloso;Normale;Buona;Ore Diurne;1;0;0;1;;;-1;2;Autovettura privata;In marcia / fermata / arresto;Conducente;F;Rimandato;0;NON DECEDUTO;Non accertato;Inesistente
1860964;4;06/12/2010 08:45;Strada Urbana;VIA DELLE VIGNE NUOVE;da specificare;;;;50 mt. prima della rotatoria fermata ATAC;Investimento di pedone;Rettilineo;Due carreggiate;Asciutto;Asfaltata;Orizzontale;Sereno;Normale;Buona;Ore Diurne;1;1;0;0;;;-1;;;;Pedone;M;Prognosi riservata;0;NON DECEDUTO;;
1860964;4;06/12/2010 08:45;Strada Urbana;VIA DELLE VIGNE NUOVE;da specificare;;;;50 mt. prima della rotatoria fermata ATAC;Investimento di pedone;Rettilineo;Due carreggiate;Asciutto;Asfaltata;Orizzontale;Sereno;Normale;Buona;Ore Diurne;1;1;0;0;;;-1;1;Motociclo a solo;In marcia / fermata / arresto;Conducente;M;Rimandato;0;NON DECEDUTO;Non accertato;Inesistente
1860965;11;31/12/2010 10:00;Strada Urbana;VIA DI FIORANELLO;da specificare;;;;prov. Ardeatina, circa 100 mt prima della Ferrovia;Infortunio per caduta del veicolo;Rettilineo;Una carreggiata a doppio senso;Asciutto;Asfaltata;Verticale ed orizzontale;Nuvoloso;Scarso;Buona;Ore Diurne;0;0;0;1;;;-1;1;Autovettura privata;In marcia / fermata / arresto;Conducente;M;Illeso;0;;Non accertato;Inesploso
1860968;4;06/12/2010 15:40;Strada Urbana;VIA MONTE CERVIALTO;all'intersezione semaforizzata con;LARGO RENATO ANGIOLILLO;LARGO RENATO ANGIOLILLO;;;Scontro frontale/laterale SX fra veicoli in marcia;Intersezione semaforizzata;Una carreggiata a doppio senso;Bagnato (umidità in atto);Asfaltata;Verticale ed orizzontale;Nuvoloso;Normale;Buona;Ore Diurne;1;0;0;1;;;-1;1;Autovettura privata;In marcia / fermata / arresto;Conducente;M;Illeso;0;;Non accertato;Inesploso
1860968;4;06/12/2010 15:40;Strada Urbana;VIA MONTE CERVIALTO;all'intersezione semaforizzata con;LARGO RENATO ANGIOLILLO;LARGO RENATO ANGIOLILLO;;;Scontro frontale/laterale SX fra veicoli in marcia;Intersezione semaforizzata;Una carreggiata a doppio senso;Bagnato (umidità in atto);Asfaltata;Verticale ed orizzontale;Nuvoloso;Normale;Buona;Ore Diurne;1;0;0;1;;;-1;2;Motociclo a solo;In marcia / fermata / arresto;Conducente;M;Rimandato;0;NON DECEDUTO;Non accertato;Inesistente
1860969;4;07/12/2010 17:20;Strada Urbana;VICOLO DEI PRATI FISCALI;all'intersezione con;VIA VAL DI SANGRO;VIA VAL DI SANGRO;;;Scontro frontale/laterale DX fra veicoli in marcia;Incrocio;Due carreggiate;Asciutto;Asfaltata;Verticale ed orizzontale;Sereno;Normale;Buona;Sufficiente;0;0;0;2;;;-1;1;Autovettura privata;In marcia / fermata / arresto;Conducente;F;Illeso;0;;Non accertato;Inesploso
1860969;4;07/12/2010 17:20;Strada Urbana;VICOLO DEI PRATI FISCALI;all'intersezione con;VIA VAL DI SANGRO;VIA VAL DI SANGRO;;;Scontro frontale/laterale DX fra veicoli in marcia;Incrocio;Due carreggiate;Asciutto;Asfaltata;Verticale ed orizzontale;Sereno;Normale;Buona;Sufficiente;0;0;0;2;;;-1;2;Autovettura privata;In marcia / fermata / arresto;Conducente;F;Illeso;0;;Non accertato;Inesploso
1860970;16;10/12/2010 09:30;Strada Urbana;VIA LEONE XIII;da specificare;;;;50 mt prima entrata Villa Pamphili v.le R. Lousemb;Veicolo in marcia contro veicolo fermo;Rettilineo;Due carreggiate;Asciutto;Asfaltata;Verticale ed orizzontale;Sereno;Normale;Buona;Ore Diurne;1;0;0;3;;;-1;1;Autovettura privata;In marcia / fermata / arresto;Conducente;M;Ricoverato;0;NON DECEDUTO;Non accertato;Inesistente
1860970;16;10/12/2010 09:30;Strada Urbana;VIA LEONE XIII;da specificare;;;;50 mt prima entrata Villa Pamphili v.le R. Lousemb;Veicolo in marcia contro veicolo fermo;Rettilineo;Due carreggiate;Asciutto;Asfaltata;Verticale ed orizzontale;Sereno;Normale;Buona;Ore Diurne;1;0;0;3;;;-1;1;Autovettura privata;In marcia / fermata / arresto;Passeggero;F;Illeso;0;;Non accertato;Inesistente
1860970;16;10/12/2010 09:30;Strada Urbana;VIA LEONE XIII;da specificare;;;;50 mt prima entrata Villa Pamphili v.le R. Lousemb;Veicolo in marcia contro veicolo fermo;Rettilineo;Due carreggiate;Asciutto;Asfaltata;Verticale ed orizzontale;Sereno;Normale;Buona;Ore Diurne;1;0;0;3;;;-1;1;Autovettura privata;In marcia / fermata / arresto;Passeggero;F;Illeso;0;;Non accertato;Inesistente
1860970;16;10/12/2010 09:30;Strada Urbana;VIA LEONE XIII;da specificare;;;;50 mt prima entrata Villa Pamphili v.le R. Lousemb;Veicolo in marcia contro veicolo fermo;Rettilineo;Due carreggiate;Asciutto;Asfaltata;Verticale ed orizzontale;Sereno;Normale;Buona;Ore Diurne;1;0;0;3;;;-1;2;Autovettura privata;In marcia / fermata / arresto;Conducente;F;Illeso;0;;Non accertato;Inesistente
1860973;4;07/12/2010 16:15;Strada Urbana;VIA FRANCESCO D'OVIDIO;in prossimità;;del civico n. ;141;;Tamponamento;Rettilineo;Una carreggiata a senso unico di marcia;Asciutto;Asfaltata;Assente;Sereno;Intenso;Buona;Ore Diurne;0;0;0;1;;;-1;1;Autovettura privata;In marcia / fermata / arresto;Conducente;M;Illeso;0;;Non accertato;Inesploso
1860974;4;07/12/2010 14:00;Strada Urbana;VIALE TIRRENO;da specificare;;;;prossimità Via Martana;Scontro laterale fra veicoli in marcia;Rettilineo;Due carreggiate;Asciutto;Asfaltata;Verticale ed orizzontale;Sereno;Normale;Buona;Ore Diurne;0;0;0;1;;;-1;1;Autovettura privata;In marcia / fermata / arresto;Conducente;M;Illeso;0;;Non accertato;Inesploso
1860977;11;13/12/2010 17:45;Strada Urbana;VIA DEL PORTO FLUVIALE;all'intersezione semaforizzata con;VIA DELLE CONCE;VIA DELLE CONCE;;;Scontro laterale fra veicoli in marcia;Intersezione semaforizzata;Una carreggiata a doppio senso;Asciutto;Asfaltata;Verticale ed orizzontale;Sereno;Intenso;Buona;Sufficiente;0;0;0;3;;;-1;1;Autocarro inferiore 35 q.;In marcia / fermata / arresto;Conducente;M;Illeso;0;;Non accertato;Inesistente
1860977;11;13/12/2010 17:45;Strada Urbana;VIA DEL PORTO FLUVIALE;all'intersezione semaforizzata con;VIA DELLE CONCE;VIA DELLE CONCE;;;Scontro laterale fra veicoli in marcia;Intersezione semaforizzata;Una carreggiata a doppio senso;Asciutto;Asfaltata;Verticale ed orizzontale;Sereno;Intenso;Buona;Sufficiente;0;0;0;3;;;-1;1;Autocarro inferiore 35 q.;In marcia / fermata / arresto;Passeggero;M;Illeso;0;;Non accertato;Inesistente
1860977;11;13/12/2010 17:45;Strada Urbana;VIA DEL PORTO FLUVIALE;all'intersezione semaforizzata con;VIA DELLE CONCE;VIA DELLE CONCE;;;Scontro laterale fra veicoli in marcia;Intersezione semaforizzata;Una carreggiata a doppio senso;Asciutto;Asfaltata;Verticale ed orizzontale;Sereno;Intenso;Buona;Sufficiente;0;0;0;3;;;-1;2;Autovettura privata;In marcia / fermata / arresto;Conducente;M;Illeso;0;;Non accertato;Inesploso
1860978;4;08/12/2010 17:45;Strada Urbana;VIA PIETRO ARETINO;in corrispondenza;;del civico n. ;101;;Scontro frontale fra veicoli in marcia;Rettilineo;Una carreggiata a senso unico di marcia;Bagnato (umidità in atto);Asfaltata;Assente;Nuvoloso;Scarso;Buona;Sufficiente;0;0;0;3;;;-1;1;Autovettura privata;In marcia / fermata / arresto;Conducente;M;Illeso;0;;Utilizzato;Inesploso
1860978;4;08/12/2010 17:45;Strada Urbana;VIA PIETRO ARETINO;in corrispondenza;;del civico n. ;101;;Scontro frontale fra veicoli in marcia;Rettilineo;Una carreggiata a senso unico di marcia;Bagnato (umidità in atto);Asfaltata;Assente;Nuvoloso;Scarso;Buona;Sufficiente;0;0;0;3;;;-1;2;Autovettura privata;In marcia / fermata / arresto;Conducente;M;Illeso;0;;Non accertato;Inesploso
1860978;4;08/12/2010 17:45;Strada Urbana;VIA PIETRO ARETINO;in corrispondenza;;del civico n. ;101;;Scontro frontale fra veicoli in marcia;Rettilineo;Una carreggiata a senso unico di marcia;Bagnato (umidità in atto);Asfaltata;Assente;Nuvoloso;Scarso;Buona;Sufficiente;0;0;0;3;;;-1;2;Autovettura privata;In marcia / fermata / arresto;Passeggero;F;Illeso;0;;Non accertato;Inesistente
1860979;4;07/12/2010 09:10;Strada Urbana;VIA LUIGI CAPUANA;da specificare;;;;altezza Via C. Angiolieri;Veicolo in marcia contro ostacolo accidentale;Rettilineo;Due carreggiate;Bagnato (umidità in atto);Asfaltata;Verticale ed orizzontale;Sereno;Normale;Buona;Ore Diurne;2;0;0;0;;;-1;1;Motociclo a solo;In marcia / fermata / arresto;Conducente;M;Rimandato;0;NON DECEDUTO;Non accertato;Inesistente
1860979;4;07/12/2010 09:10;Strada Urbana;VIA LUIGI CAPUANA;da specificare;;;;altezza Via C. Angiolieri;Veicolo in marcia contro ostacolo accidentale;Rettilineo;Due carreggiate;Bagnato (umidità in atto);Asfaltata;Verticale ed orizzontale;Sereno;Normale;Buona;Ore Diurne;2;0;0;0;;;-1;1;Motociclo a solo;In marcia / fermata / arresto;Passeggero;F;Rimandato;0;NON DECEDUTO;Non accertato;Inesistente
1860982;4;08/12/2010 23:00;Strada Urbana;VIA VAL DI SANGRO;da specificare;;;;area di parcheggio f.c. 70;Veicolo in marcia contro veicolo in sosta;Rettilineo;Due carreggiate;Asciutto;Asfaltata;Assente;Sereno;Scarso;Sufficiente;Sufficiente;0;0;0;1;;;-1;2;Autovettura privata;In marcia / fermata / arresto;Conducente;M;Illeso;0;;Non accertato;Inesistente
1860983;4;08/12/2010 15:15;Statale entro l'abitato;VIA SALARIA;da specificare;;;;altezza confluenza Via Prati Fiscali;Scontro laterale fra veicoli in marcia;Rettilineo;Due carreggiate;Bagnato (umidità in atto);Asfaltata;Verticale;Nuvoloso;Scarso;Buona;Ore Diurne;0;0;0;3;;;-1;1;Autovettura privata;In marcia / fermata / arresto;Conducente;M;Illeso;0;;Non accertato;
1860983;4;08/12/2010 15:15;Statale entro l'abitato;VIA SALARIA;da specificare;;;;altezza confluenza Via Prati Fiscali;Scontro laterale fra veicoli in marcia;Rettilineo;Due carreggiate;Bagnato (umidità in atto);Asfaltata;Verticale;Nuvoloso;Scarso;Buona;Ore Diurne;0;0;0;3;;;-1;2;Autovettura privata;In marcia / fermata / arresto;Conducente;M;Illeso;0;;Non accertato;Inesistente
1860983;4;08/12/2010 15:15;Statale entro l'abitato;VIA SALARIA;da specificare;;;;altezza confluenza Via Prati Fiscali;Scontro laterale fra veicoli in marcia;Rettilineo;Due carreggiate;Bagnato (umidità in atto);Asfaltata;Verticale;Nuvoloso;Scarso;Buona;Ore Diurne;0;0;0;3;;;-1;2;Autovettura privata;In marcia / fermata / arresto;Passeggero;M;Illeso;0;;Non accertato;Inesistente
1860990;17;15/12/2010 10:50;Strada Urbana;PIAZZA DELLE CINQUE GIORNATE;in corrispondenza;;del civico n. ;2;;Scontro frontale fra veicoli in marcia;Rettilineo;Una carreggiata a senso unico di marcia;Asciutto;In cubetti di porfido;Verticale ed orizzontale;Sereno;Scarso;Buona;Ore Diurne;1;0;0;0;;;-1;1;Motociclo a solo;In marcia / fermata / arresto;Conducente;M;Rimandato;0;NON DECEDUTO;Non accertato;Inesistente
1861008;16;18/12/2010 21:45;Strada Urbana;VIALE DEI QUATTRO VENTI;in corrispondenza;;del civico n. ;200;;Infortunio per sola frenata improvvisa;Rettilineo;Una carreggiata a doppio senso;Asciutto;Asfaltata;Verticale ed orizzontale;Sereno;Normale;Buona;Sufficiente;0;0;0;2;;;-1;1;Motociclo a solo;In marcia / fermata / arresto;Conducente;M;Illeso;0;;Non accertato;Inesistente
1861008;16;18/12/2010 21:45;Strada Urbana;VIALE DEI QUATTRO VENTI;in corrispondenza;;del civico n. ;200;;Infortunio per sola frenata improvvisa;Rettilineo;Una carreggiata a doppio senso;Asciutto;Asfaltata;Verticale ed orizzontale;Sereno;Normale;Buona;Sufficiente;0;0;0;2;;;-1;2;Autovettura privata;In marcia / fermata / arresto;Conducente;M;Illeso;0;;Non accertato;Inesistente
1861016;16;18/12/2010 14:30;Strada Urbana;VIA DEI BAGLIONI;in prossimità;;del civico n. ;19;;Scontro frontale/laterale DX fra veicoli in marcia;Rettilineo;Una carreggiata a senso unico di marcia;Bagnato (umidità in atto);Asfaltata;Assente;Sereno;Scarso;Buona;Ore Diurne;2;0;0;1;;;-1;1;Autovettura privata;In marcia / fermata / arresto;Conducente;F;Illeso;0;;Non accertato;Inesploso
1861016;16;18/12/2010 14:30;Strada Urbana;VIA DEI BAGLIONI;in prossimità;;del civico n. ;19;;Scontro frontale/laterale DX fra veicoli in marcia;Rettilineo;Una carreggiata a senso unico di marcia;Bagnato (umidità in atto);Asfaltata;Assente;Sereno;Scarso;Buona;Ore Diurne;2;0;0;1;;;-1;2;Motociclo a solo;In marcia / fermata / arresto;Conducente;M;Rimandato;0;NON DECEDUTO;Non accertato;Inesistente
1861016;16;18/12/2010 14:30;Strada Urbana;VIA DEI BAGLIONI;in prossimità;;del civico n. ;19;;Scontro frontale/laterale DX fra veicoli in marcia;Rettilineo;Una carreggiata a senso unico di marcia;Bagnato (umidità in atto);Asfaltata;Assente;Sereno;Scarso;Buona;Ore Diurne;2;0;0;1;;;-1;2;Motociclo a solo;In marcia / fermata / arresto;Passeggero;M;Rimandato;0;NON DECEDUTO;Non accertato;Inesistente
1861021;11;13/12/2010 17:40;Strada Urbana;VIA CAFFARO;in corrispondenza;;del civico n. ;107;;Veicolo in marcia contro veicolo in sosta;Rettilineo;Una carreggiata a senso unico di marcia;Asciutto;Asfaltata;Verticale ed orizzontale;Sereno;Normale;Buona;Sufficiente;0;0;0;1;;;-1;1;Autovettura privata;In marcia / fermata / arresto;Conducente;F;Illeso;0;;Non accertato;
1861022;16;19/12/2010 15:40;Strada Urbana;VIA ANTONIO CESARI;in prossimità;;del civico n. ;4;;Scontro frontale/laterale SX fra veicoli in marcia;Rettilineo;Una carreggiata a doppio senso;Bagnato (umidità in atto);Asfaltata;Assente;Nuvoloso;Scarso;Sufficiente;Ore Diurne;0;0;0;2;;;-1;1;Autovettura privata;In marcia / fermata / arresto;Conducente;M;Illeso;0;;Non accertato;Inesistente