Protocollo;Gruppo;DataOraIncidente;Localizzazione1;STRADA1;Localizzazione2;STRADA2;Strada02;Chilometrica;DaSpecificare;NaturaIncidente;particolaritastrade;TipoStrada;FondoStradale;Pavimentazione;Segnaletica;CondizioneAtmosferica;Traffico;Visibilita;Illuminazione;NUM_FERITI;NUM_RISERVATA;NUM_MORTI;NUM_ILLESI;Longitudine;Latitudine;Confermato;Progressivo;TipoVeicolo;StatoVeicolo;TipoPersona;Sesso;Tipolesione;Deceduto;DecedutoDopo;CinturaCascoUtilizzato;Airbag
1861596;4;13/12/2010 11:50;Strada Urbana;VIA STAZZEMA;all'intersezione con;VIA SUVERETO;VIA SUVERETO;;;Investimento di pedone;Intersezione stradale segnalata;Una carreggiata a doppio senso;Asciutto;Asfaltata;Verticale ed orizzontale;Sereno;Scarso;Buona;Ore Diurne;1;0;0;1;;;-1;1;Autovettura privata;In marcia / fermata / arresto;Conducente;F;Illeso;0;;Non accertato;Inesistente
1861599;4;14/12/2010 15:30;Strada Urbana;VIALE VAL PADANA;all'intersezione con;VIA VAL DI CHIENTI;VIA VAL DI CHIENTI;;;Scontro frontale/laterale DX fra veicoli in marcia;Incrocio;Due carreggiate;Asciutto;Asfaltata;Assente;Sereno;Normale;Sufficiente;Ore Diurne;1;0;0;1;;;-1;1;Autovettura privata;In marcia / fermata / arresto;Conducente;M;Illeso;0;;Non accertato;Inesploso
1861599;4;14/12/2010 15:30;Strada Urbana;VIALE VAL PADANA;all'intersezione con;VIA VAL DI CHIENTI;VIA VAL DI CHIENTI;;;Scontro frontale/laterale DX fra veicoli in marcia;Incrocio;Due carreggiate;Asciutto;Asfaltata;Assente;Sereno;Normale;Sufficiente;Ore Diurne;1;0;0;1;;;-1;2;Motociclo a solo;In marcia / fermata / arresto;Conducente;M;Rimandato;0;NON DECEDUTO;Non accertato;Inesistente
1861658;11;22/12/2010 15:10;Strada Urbana;VIA GIACOMO BOVE;in corrispondenza;;del civico n. ;59;;Veicolo in marcia contro veicolo in sosta;Rettilineo;Una carreggiata a doppio senso;Asciutto;Asfaltata;Verticale ed orizzontale;Nuvoloso;Scarso;Buona;Ore Diurne;0;0;0;1;;;-1;2;Autovettura privata;In marcia / fermata / arresto;Conducente;M;Illeso;0;;Non accertato;Inesistente
1861660;5;11/12/2010 16:10;Strada Urbana;VIA CESARE RICOTTI;all'intersezione con;VIA DI CASAL BERTONE;VIA DI CASAL BERTONE;;;Scontro laterale fra veicoli in marcia;Incrocio;Una carreggiata a doppio senso;Asciutto;Asfaltata;Verticale ed orizzontale;Sereno;Scarso;Buona;Sufficiente;0;0;0;4;;;-1;1;Autovettura privata;In marcia / fermata / arresto;Conducente;M;Illeso;0;;Non accertato;Inesistente
1861660;5;11/12/2010 16:10;Strada Urbana;VIA CESARE RICOTTI;all'intersezione con;VIA DI CASAL BERTONE;VIA DI CASAL BERTONE;;;Scontro laterale fra veicoli in marcia;Incrocio;Una carreggiata a doppio senso;Asciutto;Asfaltata;Verticale ed orizzontale;Sereno;Scarso;Buona;Sufficiente;0;0;0;4;;;-1;1;Autovettura privata;In marcia / fermata / arresto;Passeggero;F;Illeso;0;;Non accertato;Inesistente
1861660;5;11/12/2010 16:10;Strada Urbana;VIA CESARE RICOTTI;all'intersezione con;VIA DI CASAL BERTONE;VIA DI CASAL BERTONE;;;Scontro laterale fra veicoli in marcia;Incrocio;Una carreggiata a doppio senso;Asciutto;Asfaltata;Verticale ed orizzontale;Sereno;Scarso;Buona;Sufficiente;0;0;0;4;;;-1;2;Autocarro inferiore 35 q.;In marcia / fermata / arresto;Conducente;M;Illeso;0;;Non accertato;Inesistente
1861660;5;11/12/2010 16:10;Strada Urbana;VIA CESARE RICOTTI;all'intersezione con;VIA DI CASAL BERTONE;VIA DI CASAL BERTONE;;;Scontro laterale fra veicoli in marcia;Incrocio;Una carreggiata a doppio senso;Asciutto;Asfaltata;Verticale ed orizzontale;Sereno;Scarso;Buona;Sufficiente;0;0;0;4;;;-1;2;Autocarro inferiore 35 q.;In marcia / fermata / arresto;Passeggero;M;Illeso;0;;Non accertato;Inesistente
1861678;11;23/12/2010 14:50;Strada Urbana;VIA ACCADEMIA DEGLI AGIATI;all'intersezione con;VIA DELL'ACCADEMIA ALDINA;VIA DELL'ACCADEMIA ALDINA;;;Scontro frontale/laterale SX fra veicoli in marcia;Incrocio;Più di due carreggiate;Asciutto;Asfaltata;Verticale ed orizzontale;Nuvoloso;Normale;Buona;Ore Diurne;0;0;0;2;;;-1;1;Autocarro inferiore 35 q.;In marcia / fermata / arresto;Conducente;M;Illeso;0;;Non accertato;Inesploso
1861678;11;23/12/2010 14:50;Strada Urbana;VIA ACCADEMIA DEGLI AGIATI;all'intersezione con;VIA DELL'ACCADEMIA ALDINA;VIA DELL'ACCADEMIA ALDINA;;;Scontro frontale/laterale SX fra veicoli in marcia;Incrocio;Più di due carreggiate;Asciutto;Asfaltata;Verticale ed orizzontale;Nuvoloso;Normale;Buona;Ore Diurne;0;0;0;2;;;-1;2;Autovettura privata;In marcia / fermata / arresto;Conducente;F;Illeso;0;;Non accertato;Inesistente
1861684;18;14/12/2010 09:00;Strada Urbana;VIA DEL QUARTACCIO;in corrispondenza;;del civico n. ;16;;Veicolo in marcia contro ostacolo accidentale;Rettilineo;Una carreggiata a doppio senso;Ghiacciato;Asfaltata;Orizzontale;Nuvoloso;Normale;Buona;Ore Diurne;1;0;0;0;;;-1;0;Motociclo a solo;In marcia / fermata / arresto;Conducente;M;Rimandato;0;NON DECEDUTO;Utilizzato;Inesistente
1861690;4;14/12/2010 21:20;Strada Urbana;VIA PODENZANA;da specificare;;;;altezza p.zza Filattiera;Veicolo in marcia contro ostacolo accidentale;Rettilineo;Una carreggiata a senso unico di marcia;Asciutto;Asfaltata;Verticale;Sereno;Scarso;Buona;Sufficiente;0;0;0;1;;;-1;1;Autovettura privata;In marcia / fermata / arresto;Conducente;M;Illeso;0;;Non accertato;Inesploso
1861692;4;14/12/2010 18:15;Strada Urbana;VIA GAETANO ZIRARDINI;da specificare;;;;prossimità VIA PIAN DI SCO;Veicolo in marcia contro veicolo in sosta;Rettilineo;Una carreggiata a doppio senso;Asciutto;Asfaltata;Assente;Sereno;Scarso;Buona;Sufficiente;0;0;0;1;;;-1;1;Autovettura privata;In marcia / fermata / arresto;Conducente;F;Illeso;0;;Non accertato;Esploso
1861694;4;15/12/2010 08:30;Statale;VIA SALARIA;in prossimità;;della chilometrica ;162;;Tamponamento Multiplo;Rettilineo;Una carreggiata a doppio senso;Asciutto;Asfaltata;Orizzontale;Sereno;Intenso;Buona;Ore Diurne;0;0;0;3;;;-1;1;Autovettura privata;In marcia / fermata / arresto;Conducente;M;Illeso;0;;Non accertato;Inesploso
1861694;4;15/12/2010 08:30;Statale;VIA SALARIA;in prossimità;;della chilometrica ;162;;Tamponamento Multiplo;Rettilineo;Una carreggiata a doppio senso;Asciutto;Asfaltata;Orizzontale;Sereno;Intenso;Buona;Ore Diurne;0;0;0;3;;;-1;2;Autovettura privata;In marcia / fermata / arresto;Conducente;F;Illeso;0;;Non accertato;Esploso
1861694;4;15/12/2010 08:30;Statale;VIA SALARIA;in prossimità;;della chilometrica ;162;;Tamponamento Multiplo;Rettilineo;Una carreggiata a doppio senso;Asciutto;Asfaltata;Orizzontale;Sereno;Intenso;Buona;Ore Diurne;0;0;0;3;;;-1;3;Autovettura privata;In marcia / fermata / arresto;Conducente;M;Illeso;0;;Non accertato;Inesploso
1861698;1;26/12/2010 15:30;Strada Urbana;VIA PANISPERNA;in prossimità;;del civico n. ;95;;Infortunio per sola frenata improvvisa;Rettilineo;Una carreggiata a senso unico di marcia;Viscido da liquidi oleosi;Acciotolata;Verticale ed orizzontale;Sereno;Normale;Buona;Ore Diurne;1;0;0;0;;;-1;1;Motociclo a solo;In marcia / fermata / arresto;Conducente;M;Rifiuta cure immediate;0;NON DECEDUTO;Non accertato;Inesistente
1861699;1;26/12/2010 15:00;Strada Urbana;VIA DI S. MARIA MAGGIORE;in prossimità;;del civico n. ;119;;Veicolo in marcia contro ostacolo accidentale;Rettilineo;Una carreggiata a doppio senso;Viscido da liquidi oleosi;Acciotolata;Verticale ed orizzontale;Nuvoloso;Normale;Buona;Ore Diurne;0;0;0;4;;;-1;1;Autovettura privata;In marcia / fermata / arresto;Conducente;M;Illeso;0;;Non accertato;Inesistente
1861699;1;26/12/2010 15:00;Strada Urbana;VIA DI S. MARIA MAGGIORE;in prossimità;;del civico n. ;119;;Veicolo in marcia contro ostacolo accidentale;Rettilineo;Una carreggiata a doppio senso;Viscido da liquidi oleosi;Acciotolata;Verticale ed orizzontale;Nuvoloso;Normale;Buona;Ore Diurne;0;0;0;4;;;-1;1;Autovettura privata;In marcia / fermata / arresto;Passeggero;F;Illeso;0;;Non accertato;Inesistente
1861699;1;26/12/2010 15:00;Strada Urbana;VIA DI S. MARIA MAGGIORE;in prossimità;;del civico n. ;119;;Veicolo in marcia contro ostacolo accidentale;Rettilineo;Una carreggiata a doppio senso;Viscido da liquidi oleosi;Acciotolata;Verticale ed orizzontale;Nuvoloso;Normale;Buona;Ore Diurne;0;0;0;4;;;-1;1;Autovettura privata;In marcia / fermata / arresto;Passeggero;M;Illeso;0;;Non accertato;Inesistente
1861699;1;26/12/2010 15:00;Strada Urbana;VIA DI S. MARIA MAGGIORE;in prossimità;;del civico n. ;119;;Veicolo in marcia contro ostacolo accidentale;Rettilineo;Una carreggiata a doppio senso;Viscido da liquidi oleosi;Acciotolata;Verticale ed orizzontale;Nuvoloso;Normale;Buona;Ore Diurne;0;0;0;4;;;-1;1;Autovettura privata;In marcia / fermata / arresto;Passeggero;M;Illeso;0;;Non accertato;Inesistente
1861702;4;15/12/2010 00:10;Strada Urbana;VIA UGO OJETTI;in corrispondenza;;del civico n. ;392;;Veicolo in marcia contro veicoli in sosta;Rettilineo;Una carreggiata a senso unico di marcia;Asciutto;Asfaltata;Verticale;Sereno;Scarso;Buona;Sufficiente;0;0;0;1;;;-1;1;Autocarro inferiore 35 q.;In marcia / fermata / arresto;Conducente;M;Illeso;0;;Non accertato;Inesistente
1861704;4;15/12/2010 10:20;Statale entro l'abitato;VIA SALARIA;da specificare;;;;in prossimità del cavalcavia di via cortona;Fuoriuscita dalla sede stradale;Rettilineo;Due carreggiate;Ghiacciato;Asfaltata;Verticale ed orizzontale;Sereno;Normale;Buona;Ore Diurne;1;0;0;0;;;-1;1;Motociclo a solo;In marcia / fermata / arresto;Conducente;M;Rimandato;0;NON DECEDUTO;Non accertato;Inesistente
1861708;4;15/12/2010 15:45;Strada Urbana;VIALE TIRRENO;in corrispondenza;;del civico n. ;70;;Veicolo in marcia contro veicoli in arresto;Rettilineo;Due carreggiate;Asciutto;Asfaltata;Verticale ed orizzontale;Sereno;Normale;Buona;Ore Diurne;0;0;0;2;;;-1;1;Motociclo a solo;In marcia / fermata / arresto;Conducente;M;Illeso;0;;Non accertato;Inesistente
1861708;4;15/12/2010 15:45;Strada Urbana;VIALE TIRRENO;in corrispondenza;;del civico n. ;70;;Veicolo in marcia contro veicoli in arresto;Rettilineo;Due carreggiate;Asciutto;Asfaltata;Verticale ed orizzontale;Sereno;Normale;Buona;Ore Diurne;0;0;0;2;;;-1;2;Autovettura privata;In marcia / fermata / arresto;Conducente;F;Illeso;0;;Non accertato;Inesploso
1861733;5;28/12/2010 18:40;Strada Urbana;VIA TIBURTINA;all'intersezione con;VIA ZOE FONTANA;VIA ZOE FONTANA;;;Scontro laterale fra veicoli in marcia;Intersezione stradale segnalata;Una carreggiata a doppio senso;Asciutto;Asfaltata;Verticale ed orizzontale;Nuvoloso;Normale;Sufficiente;Sufficiente;0;0;0;3;;;-1;1;Autobus di linea;In marcia / fermata / arresto;Conducente;M;Illeso;0;;Non accertato;Inesistente
1861733;5;28/12/2010 18:40;Strada Urbana;VIA TIBURTINA;all'intersezione con;VIA ZOE FONTANA;VIA ZOE FONTANA;;;Scontro laterale fra veicoli in marcia;Intersezione stradale segnalata;Una carreggiata a doppio senso;Asciutto;Asfaltata;Verticale ed orizzontale;Nuvoloso;Normale;Sufficiente;Sufficiente;0;0;0;3;;;-1;2;Autovettura privata;In marcia / fermata / arresto;Conducente;M;Illeso;0;;Non accertato;Inesistente
1861733;5;28/12/2010 18:40;Strada Urbana;VIA TIBURTINA;all'intersezione con;VIA ZOE FONTANA;VIA ZOE FONTANA;;;Scontro laterale fra veicoli in marcia;Intersezione stradale segnalata;Una carreggiata a doppio senso;Asciutto;Asfaltata;Verticale ed orizzontale;Nuvoloso;Normale;Sufficiente;Sufficiente;0;0;0;3;;;-1;3;Autovettura privata;In marcia / fermata / arresto;Conducente;M;Illeso;0;;Non accertato;Inesistente
1861809;17;01/12/2010 08:30;Strada Urbana;VIA SABOTINO;all'intersezione con;VIA FULCIERI PAULUCCI DE CALBOLI;VIA FULCIERI PAULUCCI DE CALBOLI;;;Scontro frontale/laterale DX fra veicoli in marcia;Incrocio;Due carreggiate;Bagnato (pioggia);Asfaltata;Verticale ed orizzontale;Pioggia in atto;Normale;Buona;Ore Diurne;0;0;0;3;;;-1;1;Autocarro inferiore 35 q.;In marcia / fermata / arresto;Conducente;M;Illeso;0;;Non accertato;Inesistente
1861809;17;01/12/2010 08:30;Strada Urbana;VIA SABOTINO;all'intersezione con;VIA FULCIERI PAULUCCI DE CALBOLI;VIA FULCIERI PAULUCCI DE CALBOLI;;;Scontro frontale/laterale DX fra veicoli in marcia;Incrocio;Due carreggiate;Bagnato (pioggia);Asfaltata;Verticale ed orizzontale;Pioggia in atto;Normale;Buona;Ore Diurne;0;0;0;3;;;-1;1;Autocarro inferiore 35 q.;In marcia / fermata / arresto;Passeggero;M;Illeso;0;;Non accertato;Inesistente
1861809;17;01/12/2010 08:30;Strada Urbana;VIA SABOTINO;all'intersezione con;VIA FULCIERI PAULUCCI DE CALBOLI;VIA FULCIERI PAULUCCI DE CALBOLI;;;Scontro frontale/laterale DX fra veicoli in marcia;Incrocio;Due carreggiate;Bagnato (pioggia);Asfaltata;Verticale ed orizzontale;Pioggia in atto;Normale;Buona;Ore Diurne;0;0;0;3;;;-1;2;Autovettura privata;In marcia / fermata / arresto;Conducente;M;Illeso;0;;Non accertato;Inesistente
1861815;4;15/12/2010 20:50;Strada Urbana;VIA NOMENTANA NUOVA;da specificare;;;;all'intersezione con via Val D'Ossola;Investimento di pedone;Rettilineo;Una carreggiata a doppio senso;Asciutto;Asfaltata;Orizzontale;Sereno;Scarso;Sufficiente;Sufficiente;2;0;0;1;;;-1;;;;Pedone;M;Rimandato;0;NON DECEDUTO;;
1861815;4;15/12/2010 20:50;Strada Urbana;VIA NOMENTANA NUOVA;da specificare;;;;all'intersezione con via Val D'Ossola;Investimento di pedone;Rettilineo;Una carreggiata a doppio senso;Asciutto;Asfaltata;Orizzontale;Sereno;Scarso;Sufficiente;Sufficiente;2;0;0;1;;;-1;;;;Pedone;F;Rimandato;0;NON DECEDUTO;;
1861815;4;15/12/2010 20:50;Strada Urbana;VIA NOMENTANA NUOVA;da specificare;;;;all'intersezione con via Val D'Ossola;Investimento di pedone;Rettilineo;Una carreggiata a doppio senso;Asciutto;Asfaltata;Orizzontale;Sereno;Scarso;Sufficiente;Sufficiente;2;0;0;1;;;-1;1;Motociclo a solo;In marcia / fermata / arresto;Conducente;M;Illeso;0;;Non accertato;Inesistente
1861819;4;15/12/2010 14:15;Strada Urbana;VIA DELLE VIGNE NUOVE;da specificare;;;;dir.via Conti rampa immissione dal Via.tto Gronchi;Veicolo in marcia contro ostacolo accidentale;Rettilineo;Due carreggiate;Asciutto;Asfaltata;Verticale ed orizzontale;Sereno;Normale;Buona;Ore Diurne;0;0;0;3;;;-1;1;Autovettura privata;In marcia / fermata / arresto;Conducente;F;Illeso;0;;Non accertato;Inesistente
1861819;4;15/12/2010 14:15;Strada Urbana;VIA DELLE VIGNE NUOVE;da specificare;;;;dir.via Conti rampa immissione dal Via.tto Gronchi;Veicolo in marcia contro ostacolo accidentale;Rettilineo;Due carreggiate;Asciutto;Asfaltata;Verticale ed orizzontale;Sereno;Normale;Buona;Ore Diurne;0;0;0;3;;;-1;2;Autocarro inferiore 35 q.;In marcia / fermata / arresto;Conducente;M;Illeso;0;;Non accertato;Inesistente
1861819;4;15/12/2010 14:15;Strada Urbana;VIA DELLE VIGNE NUOVE;da specificare;;;;dir.via Conti rampa immissione dal Via.tto Gronchi;Veicolo in marcia contro ostacolo accidentale;Rettilineo;Due carreggiate;Asciutto;Asfaltata;Verticale ed orizzontale;Sereno;Normale;Buona;Ore Diurne;0;0;0;3;;;-1;2;Autocarro inferiore 35 q.;In marcia / fermata / arresto;Passeggero;M;Illeso;0;;Non accertato;Inesistente
1861820;17;01/12/2010 08:45;Strada Urbana;VIALE ANGELICO;in prossimità;;del civico n. ;22;;Scontro frontale/laterale DX fra veicoli in marcia;Curva a visuale libera;Una carreggiata a senso unico di marcia;Bagnato (pioggia);Asfaltata;Verticale ed orizzontale;Pioggia in atto;Scarso;Buona;Ore Diurne;0;0;0;2;;;-1;1;Autovettura privata;In marcia / fermata / arresto;Conducente;M;Illeso;0;;Non accertato;
1861820;17;01/12/2010 08:45;Strada Urbana;VIALE ANGELICO;in prossimità;;del civico n. ;22;;Scontro frontale/laterale DX fra veicoli in marcia;Curva a visuale libera;Una carreggiata a senso unico di marcia;Bagnato (pioggia);Asfaltata;Verticale ed orizzontale;Pioggia in atto;Scarso;Buona;Ore Diurne;0;0;0;2;;;-1;2;Autovettura privata;In marcia / fermata / arresto;Conducente;;Illeso;0;;Non accertato;
1861826;4;15/12/2010 13:45;Strada Urbana;VIA FRANCO SACCHETTI;all'intersezione con;VIA ITALO SVEVO;VIA ITALO SVEVO;;;Scontro frontale/laterale DX fra veicoli in marcia;Incrocio;Una carreggiata a doppio senso;Asciutto;Asfaltata;Verticale ed orizzontale;Sereno;Normale;Buona;Ore Diurne;2;0;0;0;;;-1;1;Ciclomotore;In marcia / fermata / arresto;Conducente;M;Rimandato;0;NON DECEDUTO;Non accertato;Inesistente
1861826;4;15/12/2010 13:45;Strada Urbana;VIA FRANCO SACCHETTI;all'intersezione con;VIA ITALO SVEVO;VIA ITALO SVEVO;;;Scontro frontale/laterale DX fra veicoli in marcia;Incrocio;Una carreggiata a doppio senso;Asciutto;Asfaltata;Verticale ed orizzontale;Sereno;Normale;Buona;Ore Diurne;2;0;0;0;;;-1;2;Motociclo a solo;In marcia / fermata / arresto;Conducente;M;Rimandato;0;NON DECEDUTO;Non accertato;Inesistente
1861871;11;29/12/2010 09:00;Strada Urbana;VIA APPIA ANTICA;da specificare;;;;100 mt. dopo Via Cilicia direzione Quo Vadis;Tamponamento;Rettilineo;Una carreggiata a doppio senso;Asciutto;Asfaltata;Verticale ed orizzontale;Sereno;Normale;Buona;Ore Diurne;0;0;0;1;;;-1;1;Autovettura privata;In marcia / fermata / arresto;Conducente;F;Illeso;0;;Non accertato;Inesistente
1861901;4;15/12/2010 16:45;Statale entro l'abitato;VIA SALARIA;da specificare;;;;Dir. Rieti  pross. Via Castel Giubileo;Tamponamento Multiplo;Rettilineo;Due carreggiate;Asciutto;Asfaltata;Verticale ed orizzontale;Sereno;Intenso;Buona;Sufficiente;0;0;0;5;;;-1;1;Autovettura privata;In marcia / fermata / arresto;Conducente;M;Illeso;0;;Non accertato;Inesistente
1861901;4;15/12/2010 16:45;Statale entro l'abitato;VIA SALARIA;da specificare;;;;Dir. Rieti  pross. Via Castel Giubileo;Tamponamento Multiplo;Rettilineo;Due carreggiate;Asciutto;Asfaltata;Verticale ed orizzontale;Sereno;Intenso;Buona;Sufficiente;0;0;0;5;;;-1;1;Autovettura privata;In marcia / fermata / arresto;Passeggero;M;Illeso;0;;Non accertato;Inesistente
1861901;4;15/12/2010 16:45;Statale entro l'abitato;VIA SALARIA;da specificare;;;;Dir. Rieti  pross. Via Castel Giubileo;Tamponamento Multiplo;Rettilineo;Due carreggiate;Asciutto;Asfaltata;Verticale ed orizzontale;Sereno;Intenso;Buona;Sufficiente;0;0;0;5;;;-1;2;Autovettura privata;In marcia / fermata / arresto;Conducente;M;Illeso;0;;Non accertato;Inesistente
1861901;4;15/12/2010 16:45;Statale entro l'abitato;VIA SALARIA;da specificare;;;;Dir. Rieti  pross. Via Castel Giubileo;Tamponamento Multiplo;Rettilineo;Due carreggiate;Asciutto;Asfaltata;Verticale ed orizzontale;Sereno;Intenso;Buona;Sufficiente;0;0;0;5;;;-1;3;Autovettura privata;In marcia / fermata / arresto;Conducente;M;Illeso;0;;Non accertato;Inesistente
1861901;4;15/12/2010 16:45;Statale entro l'abitato;VIA SALARIA;da specificare;;;;Dir. Rieti  pross. Via Castel Giubileo;Tamponamento Multiplo;Rettilineo;Due carreggiate;Asciutto;Asfaltata;Verticale ed orizzontale;Sereno;Intenso;Buona;Sufficiente;0;0;0;5;;;-1;3;Autovettura privata;In marcia / fermata / arresto;Passeggero;F;Illeso;0;;Non accertato;Inesistente
1861915;11;23/12/2010 10:25;Strada Urbana;VIALE DEL TINTORETTO;all'intersezione semaforizzata con;VIA DEL SERAFICO;VIA DEL SERAFICO;;;Scontro frontale/laterale DX fra veicoli in marcia;Intersezione semaforizzata;Una carreggiata a doppio senso;Asciutto;Asfaltata;Verticale ed orizzontale;Nuvoloso;Normale;Buona;Ore Diurne;0;0;0;3;;;-1;1;Motociclo a solo;In marcia / fermata / arresto;Conducente;M;Illeso;0;;Non accertato;Inesistente
1861915;11;23/12/2010 10:25;Strada Urbana;VIALE DEL TINTORETTO;all'intersezione semaforizzata con;VIA DEL SERAFICO;VIA DEL SERAFICO;;;Scontro frontale/laterale DX fra veicoli in marcia;Intersezione semaforizzata;Una carreggiata a doppio senso;Asciutto;Asfaltata;Verticale ed orizzontale;Nuvoloso;Normale;Buona;Ore Diurne;0;0;0;3;;;-1;2;Autovettura privata;In marcia / fermata / arresto;Conducente;M;Illeso;0;;Non accertato;Inesistente
1861915;11;23/12/2010 10:25;Strada Urbana;VIALE DEL TINTORETTO;all'intersezione semaforizzata con;VIA DEL SERAFICO;VIA DEL SERAFICO;;;Scontro frontale/laterale DX fra veicoli in marcia;Intersezione semaforizzata;Una carreggiata a doppio senso;Asciutto;Asfaltata;Verticale ed orizzontale;Nuvoloso;Normale;Buona;Ore Diurne;0;0;0;3;;;-1;2;Autovettura privata;In marcia / fermata / arresto;Passeggero;F;Illeso;0;;Utilizzato;Inesploso
1861927;4;15/12/2010 02:45;Strada Urbana;VIA GASPARE SPONTINI;all'intersezione semaforizzata con;VIA GIOVANNI PACINI;VIA GIOVANNI PACINI;;;Scontro frontale/laterale SX fra veicoli in marcia;Intersezione semaforizzata;Una carreggiata a senso unico di marcia;Asciutto;Asfaltata;Verticale;Sereno;Scarso;Sufficiente;Sufficiente;1;0;0;1;;;-1;1;Autovettura privata;In marcia / fermata / arresto;Conducente;M;Rimandato;0;NON DECEDUTO;Non accertato;Inesistente
1861927;4;15/12/2010 02:45;Strada Urbana;VIA GASPARE SPONTINI;all'intersezione semaforizzata con;VIA GIOVANNI PACINI;VIA GIOVANNI PACINI;;;Scontro frontale/laterale SX fra veicoli in marcia;Intersezione semaforizzata;Una carreggiata a senso unico di marcia;Asciutto;Asfaltata;Verticale;Sereno;Scarso;Sufficiente;Sufficiente;1;0;0;1;;;-1;2;Autovettura privata;In marcia / fermata / arresto;Conducente;M;Illeso;0;;Non accertato;Inesistente
1861931;11;23/12/2010 23:10;Strada Urbana;VICOLO DELLE SETTE CHIESE;in prossimità;;del civico n. ;2;;Veicolo in marcia contro ostacolo accidentale;Rettilineo;Una carreggiata a senso unico di marcia;Bagnato (pioggia);Con buche;Assente;Pioggia in atto;Scarso;Sufficiente;Sufficiente;0;0;0;3;;;-1;1;Autovettura privata;In marcia / fermata / arresto;Conducente;M;Illeso;0;;Utilizzato;Inesistente
1861931;11;23/12/2010 23:10;Strada Urbana;VICOLO DELLE SETTE CHIESE;in prossimità;;del civico n. ;2;;Veicolo in marcia contro ostacolo accidentale;Rettilineo;Una carreggiata a senso unico di marcia;Bagnato (pioggia);Con buche;Assente;Pioggia in atto;Scarso;Sufficiente;Sufficiente;0;0;0;3;;;-1;1;Autovettura privata;In marcia / fermata / arresto;Passeggero;M;Illeso;0;;Non accertato;Inesistente
1861931;11;23/12/2010 23:10;Strada Urbana;VICOLO DELLE SETTE CHIESE;in prossimità;;del civico n. ;2;;Veicolo in marcia contro ostacolo accidentale;Rettilineo;Una carreggiata a senso unico di marcia;Bagnato (pioggia);Con buche;Assente;Pioggia in atto;Scarso;Sufficiente;Sufficiente;0;0;0;3;;;-1;1;Autovettura privata;In marcia / fermata / arresto;Passeggero;M;Illeso;0;;Non accertato;Inesistente
1861932;4;15/12/2010 17:10;Strada Urbana;VIA DON GIUSTINO MARIA RUSSOLILLO;in prossimità;;del civico n. ;61;;Investimento di pedone;Rettilineo;Una carreggiata a doppio senso;Asciutto;Asfaltata;Verticale ed orizzontale;Sereno;Normale;Buona;Sufficiente;1;0;0;1;;;-1;;;;Pedone;M;Ricoverato;0;NON DECEDUTO;;
1861932;4;15/12/2010 17:10;Strada Urbana;VIA DON GIUSTINO MARIA RUSSOLILLO;in prossimità;;del civico n. ;61;;Investimento di pedone;Rettilineo;Una carreggiata a doppio senso;Asciutto;Asfaltata;Verticale ed orizzontale;Sereno;Normale;Buona;Sufficiente;1;0;0;1;;;-1;1;Autovettura privata;In marcia / fermata / arresto;Conducente;F;Illeso;0;;Non accertato;Inesistente
1861936;11;24/12/2010 12:00;Strada Urbana;VIA FONTE BUONO;in prossimità;;del civico n. ;67;;Veicolo in marcia contro veicoli fermi;Rettilineo;Una carreggiata a senso unico di marcia;Bagnato (pioggia);Asfaltata;Verticale ed orizzontale;Pioggia in atto;Scarso;Buona;Ore Diurne;0;0;0;1;;;-1;2;Autovettura privata;In marcia / fermata / arresto;Conducente;F;Illeso;0;;Non accertato;Inesistente
1861937;11;24/12/2010 12:50;Strada Urbana;VIA DI GROTTA PERFETTA;da specificare;;;;prossimità VIA BERTO dir. Ardeatina.;Tamponamento Multiplo;Rettilineo;Una carreggiata a doppio senso;Bagnato (pioggia);Asfaltata;Verticale ed orizzontale;Pioggia in atto;Normale;Buona;Ore Diurne;0;0;0;4;;;-1;1;Autovettura privata;In marcia / fermata / arresto;Conducente;M;Illeso;0;;Esente;Inesistente
1861937;11;24/12/2010 12:50;Strada Urbana;VIA DI GROTTA PERFETTA;da specificare;;;;prossimità VIA BERTO dir. Ardeatina.;Tamponamento Multiplo;Rettilineo;Una carreggiata a doppio senso;Bagnato (pioggia);Asfaltata;Verticale ed orizzontale;Pioggia in atto;Normale;Buona;Ore Diurne;0;0;0;4;;;-1;1;Autovettura privata;In marcia / fermata / arresto;Passeggero;M;Illeso;0;;Non accertato;Inesistente
1861937;11;24/12/2010 12:50;Strada Urbana;VIA DI GROTTA PERFETTA;da specificare;;;;prossimità VIA BERTO dir. Ardeatina.;Tamponamento Multiplo;Rettilineo;Una carreggiata a doppio senso;Bagnato (pioggia);Asfaltata;Verticale ed orizzontale;Pioggia in atto;Normale;Buona;Ore Diurne;0;0;0;4;;;-1;2;Autovettura privata;In marcia / fermata / arresto;Conducente;F;Illeso;0;;Non accertato;Inesistente
1861937;11;24/12/2010 12:50;Strada Urbana;VIA DI GROTTA PERFETTA;da specificare;;;;prossimità VIA BERTO dir. Ardeatina.;Tamponamento Multiplo;Rettilineo;Una carreggiata a doppio senso;Bagnato (pioggia);Asfaltata;Verticale ed orizzontale;Pioggia in atto;Normale;Buona;Ore Diurne;0;0;0;4;;;-1;3;Autovettura privata;In marcia / fermata / arresto;Conducente;F;Illeso;0;;Non accertato;Esploso