Protocollo;Gruppo;DataOraIncidente;Localizzazione1;STRADA1;Localizzazione2;STRADA2;Strada02;Chilometrica;DaSpecificare;NaturaIncidente;particolaritastrade;TipoStrada;FondoStradale;Pavimentazione;Segnaletica;CondizioneAtmosferica;Traffico;Visibilita;Illuminazione;NUM_FERITI;NUM_RISERVATA;NUM_MORTI;NUM_ILLESI;Longitudine;Latitudine;Confermato;Progressivo;TipoVeicolo;StatoVeicolo;TipoPersona;Sesso;Tipolesione;Deceduto;DecedutoDopo;CinturaCascoUtilizzato;Airbag
1864914;5;21/12/2010 08:40;Strada Urbana;VIA DI PORTONACCIO;in corrispondenza;;del civico n. ;29;;Scontro laterale fra veicoli in marcia;Rettilineo;Una carreggiata a doppio senso;Asciutto;Asfaltata;Orizzontale;Nuvoloso;Intenso;Buona;Ore Diurne;0;0;0;2;;;-1;2;Autovettura privata;In marcia / fermata / arresto;Conducente;M;Illeso;0;;Utilizzato;Inesploso
1864927;5;21/12/2010 17:40;Strada Urbana;VIA DELLA TENUTA DEL CAVALIERE;da specificare;;;;500 metri da via Tiburtina;Scontro frontale/laterale SX fra veicoli in marcia;Rettilineo;Una carreggiata a doppio senso;Asciutto;Asfaltata;Verticale ed orizzontale;Sereno;Intenso;Insufficiente;Insufficiente;0;0;0;3;;;-1;1;Autovettura privata;In marcia / fermata / arresto;Conducente;M;Illeso;0;;Non accertato;Inesistente
1864927;5;21/12/2010 17:40;Strada Urbana;VIA DELLA TENUTA DEL CAVALIERE;da specificare;;;;500 metri da via Tiburtina;Scontro frontale/laterale SX fra veicoli in marcia;Rettilineo;Una carreggiata a doppio senso;Asciutto;Asfaltata;Verticale ed orizzontale;Sereno;Intenso;Insufficiente;Insufficiente;0;0;0;3;;;-1;1;Autovettura privata;In marcia / fermata / arresto;Passeggero;F;Illeso;0;;Non accertato;Inesistente
1864927;5;21/12/2010 17:40;Strada Urbana;VIA DELLA TENUTA DEL CAVALIERE;da specificare;;;;500 metri da via Tiburtina;Scontro frontale/laterale SX fra veicoli in marcia;Rettilineo;Una carreggiata a doppio senso;Asciutto;Asfaltata;Verticale ed orizzontale;Sereno;Intenso;Insufficiente;Insufficiente;0;0;0;3;;;-1;2;Autovettura privata;In marcia / fermata / arresto;Conducente;M;Illeso;0;;Non accertato;Inesistente
1864965;5;10/12/2010 17:20;Strada Urbana;VIALE SACCO E VANZETTI;da specificare;;;;ALT. VIA MASSINI;Tamponamento;Curva a visuale libera;Due carreggiate;Asciutto;Asfaltata;Verticale ed orizzontale;Sereno;Intenso;Sufficiente;Sufficiente;1;0;0;2;;;-1;1;Autovettura privata;In marcia / fermata / arresto;Conducente;F;Illeso;0;;Non accertato;Inesistente
1864965;5;10/12/2010 17:20;Strada Urbana;VIALE SACCO E VANZETTI;da specificare;;;;ALT. VIA MASSINI;Tamponamento;Curva a visuale libera;Due carreggiate;Asciutto;Asfaltata;Verticale ed orizzontale;Sereno;Intenso;Sufficiente;Sufficiente;1;0;0;2;;;-1;2;Autovettura privata;In marcia / fermata / arresto;Conducente;F;Rimandato;0;NON DECEDUTO;Non accertato;Inesistente
1864965;5;10/12/2010 17:20;Strada Urbana;VIALE SACCO E VANZETTI;da specificare;;;;ALT. VIA MASSINI;Tamponamento;Curva a visuale libera;Due carreggiate;Asciutto;Asfaltata;Verticale ed orizzontale;Sereno;Intenso;Sufficiente;Sufficiente;1;0;0;2;;;-1;2;Autovettura privata;In marcia / fermata / arresto;Passeggero;F;Illeso;0;;Non accertato;Inesistente
1864979;5;21/12/2010 08:50;Strada Urbana;VIA GIOVANNI ZANARDINI;in prossimità;;del civico n. ;4;;Tamponamento;Rettilineo;Una carreggiata a doppio senso;Asciutto;Asfaltata;Verticale ed orizzontale;Sereno;Intenso;Buona;Ore Diurne;0;0;0;2;;;-1;1;Motociclo a solo;In marcia / fermata / arresto;Conducente;F;Illeso;0;;Utilizzato;Inesistente
1864979;5;21/12/2010 08:50;Strada Urbana;VIA GIOVANNI ZANARDINI;in prossimità;;del civico n. ;4;;Tamponamento;Rettilineo;Una carreggiata a doppio senso;Asciutto;Asfaltata;Verticale ed orizzontale;Sereno;Intenso;Buona;Ore Diurne;0;0;0;2;;;-1;2;Autovettura privata;In marcia / fermata / arresto;Conducente;F;Illeso;0;;Utilizzato;Inesploso
1865170;5;21/12/2010 22:00;Strada Urbana;VIALE EGIDIO GALBANI;all'intersezione con;VIA COMTE;VIA COMTE;;;Tamponamento;Intersezione stradale segnalata;Due carreggiate;Asciutto;Asfaltata;Verticale ed orizzontale;Nuvoloso;Normale;Sufficiente;Sufficiente;0;0;0;3;;;-1;1;Autobus di linea;In marcia / fermata / arresto;Conducente;M;Illeso;0;;Non accertato;Inesistente
1865170;5;21/12/2010 22:00;Strada Urbana;VIALE EGIDIO GALBANI;all'intersezione con;VIA COMTE;VIA COMTE;;;Tamponamento;Intersezione stradale segnalata;Due carreggiate;Asciutto;Asfaltata;Verticale ed orizzontale;Nuvoloso;Normale;Sufficiente;Sufficiente;0;0;0;3;;;-1;2;Autovettura privata;In marcia / fermata / arresto;Conducente;M;Illeso;0;;Non accertato;Inesistente
1865170;5;21/12/2010 22:00;Strada Urbana;VIALE EGIDIO GALBANI;all'intersezione con;VIA COMTE;VIA COMTE;;;Tamponamento;Intersezione stradale segnalata;Due carreggiate;Asciutto;Asfaltata;Verticale ed orizzontale;Nuvoloso;Normale;Sufficiente;Sufficiente;0;0;0;3;;;-1;2;Autovettura privata;In marcia / fermata / arresto;Passeggero;F;Illeso;0;;Non accertato;Inesistente
1865181;5;23/12/2010 09:30;Strada Urbana;VIA DI GROTTA DI GREGNA;in corrispondenza;;del civico n. ;178;;Scontro frontale/laterale DX fra veicoli in marcia;Rettilineo;Una carreggiata a doppio senso;Asciutto;Asfaltata;Orizzontale;Nuvoloso;Normale;Buona;Ore Diurne;0;0;0;5;;;-1;1;Autovettura privata;In marcia / fermata / arresto;Conducente;M;Illeso;0;;Non accertato;Inesistente
1865181;5;23/12/2010 09:30;Strada Urbana;VIA DI GROTTA DI GREGNA;in corrispondenza;;del civico n. ;178;;Scontro frontale/laterale DX fra veicoli in marcia;Rettilineo;Una carreggiata a doppio senso;Asciutto;Asfaltata;Orizzontale;Nuvoloso;Normale;Buona;Ore Diurne;0;0;0;5;;;-1;2;Autovettura privata;In marcia / fermata / arresto;Conducente;F;Illeso;0;;Non accertato;Inesistente
1865181;5;23/12/2010 09:30;Strada Urbana;VIA DI GROTTA DI GREGNA;in corrispondenza;;del civico n. ;178;;Scontro frontale/laterale DX fra veicoli in marcia;Rettilineo;Una carreggiata a doppio senso;Asciutto;Asfaltata;Orizzontale;Nuvoloso;Normale;Buona;Ore Diurne;0;0;0;5;;;-1;3;Autocarro inferiore 35 q.;In marcia / fermata / arresto;Conducente;M;Illeso;0;;Non accertato;Inesistente
1865181;5;23/12/2010 09:30;Strada Urbana;VIA DI GROTTA DI GREGNA;in corrispondenza;;del civico n. ;178;;Scontro frontale/laterale DX fra veicoli in marcia;Rettilineo;Una carreggiata a doppio senso;Asciutto;Asfaltata;Orizzontale;Nuvoloso;Normale;Buona;Ore Diurne;0;0;0;5;;;-1;4;Autocarro inferiore 35 q.;In marcia / fermata / arresto;Conducente;M;Illeso;0;;Non accertato;Inesistente
1865181;5;23/12/2010 09:30;Strada Urbana;VIA DI GROTTA DI GREGNA;in corrispondenza;;del civico n. ;178;;Scontro frontale/laterale DX fra veicoli in marcia;Rettilineo;Una carreggiata a doppio senso;Asciutto;Asfaltata;Orizzontale;Nuvoloso;Normale;Buona;Ore Diurne;0;0;0;5;;;-1;4;Autocarro inferiore 35 q.;In marcia / fermata / arresto;Passeggero;M;Illeso;0;;Non accertato;Inesistente
1865190;11;04/12/2010 03:00;Strada Urbana;VIA COSTANTINO;all'intersezione con;VIA CRISTOFORO COLOMBO;VIA CRISTOFORO COLOMBO;;;Scontro laterale fra veicoli in marcia;Incrocio;Una carreggiata a senso unico di marcia;Bagnato (pioggia);Asfaltata;Verticale ed orizzontale;Nuvoloso;Scarso;Sufficiente;Sufficiente;2;0;0;1;;;-1;1;Autovettura privata;In marcia / fermata / arresto;Conducente;M;Rifiuta cure immediate;0;NON DECEDUTO;Non accertato;Inesploso
1865190;11;04/12/2010 03:00;Strada Urbana;VIA COSTANTINO;all'intersezione con;VIA CRISTOFORO COLOMBO;VIA CRISTOFORO COLOMBO;;;Scontro laterale fra veicoli in marcia;Incrocio;Una carreggiata a senso unico di marcia;Bagnato (pioggia);Asfaltata;Verticale ed orizzontale;Nuvoloso;Scarso;Sufficiente;Sufficiente;2;0;0;1;;;-1;1;Autovettura privata;In marcia / fermata / arresto;Passeggero;M;Illeso;0;;Non accertato;Inesploso
1865190;11;04/12/2010 03:00;Strada Urbana;VIA COSTANTINO;all'intersezione con;VIA CRISTOFORO COLOMBO;VIA CRISTOFORO COLOMBO;;;Scontro laterale fra veicoli in marcia;Incrocio;Una carreggiata a senso unico di marcia;Bagnato (pioggia);Asfaltata;Verticale ed orizzontale;Nuvoloso;Scarso;Sufficiente;Sufficiente;2;0;0;1;;;-1;2;Autovettura privata;In marcia / fermata / arresto;Conducente;M;Rifiuta cure immediate;0;NON DECEDUTO;Non accertato;Inesistente
1865193;5;23/12/2010 12:00;Strada Urbana;VIA DEI MONTI TIBURTINI;in prossimità;;del civico n. ;426;;Scontro laterale fra veicoli in marcia;Rettilineo;Due carreggiate;Asciutto;Asfaltata;Verticale ed orizzontale;Sereno;Normale;Buona;Ore Diurne;0;0;0;4;;;-1;1;Autovettura privata;In marcia / fermata / arresto;Conducente;M;Illeso;0;;Non accertato;Inesistente
1865193;5;23/12/2010 12:00;Strada Urbana;VIA DEI MONTI TIBURTINI;in prossimità;;del civico n. ;426;;Scontro laterale fra veicoli in marcia;Rettilineo;Due carreggiate;Asciutto;Asfaltata;Verticale ed orizzontale;Sereno;Normale;Buona;Ore Diurne;0;0;0;4;;;-1;1;Autovettura privata;In marcia / fermata / arresto;Passeggero;F;Illeso;0;;Non accertato;Inesistente
1865193;5;23/12/2010 12:00;Strada Urbana;VIA DEI MONTI TIBURTINI;in prossimità;;del civico n. ;426;;Scontro laterale fra veicoli in marcia;Rettilineo;Due carreggiate;Asciutto;Asfaltata;Verticale ed orizzontale;Sereno;Normale;Buona;Ore Diurne;0;0;0;4;;;-1;1;Autovettura privata;In marcia / fermata / arresto;Passeggero;F;Illeso;0;;Non accertato;Inesistente
1865193;5;23/12/2010 12:00;Strada Urbana;VIA DEI MONTI TIBURTINI;in prossimità;;del civico n. ;426;;Scontro laterale fra veicoli in marcia;Rettilineo;Due carreggiate;Asciutto;Asfaltata;Verticale ed orizzontale;Sereno;Normale;Buona;Ore Diurne;0;0;0;4;;;-1;2;Autovettura privata;In marcia / fermata / arresto;Conducente;M;Illeso;0;;Non accertato;Inesistente
1865219;5;23/12/2010 13:00;Strada Urbana;VIA RINALDO D'AQUINO;da specificare;;;;rotatoria direzione Nomentana;Scontro laterale fra veicoli in marcia;Rotatoria;Una carreggiata a senso unico di marcia;Asciutto;Asfaltata;Verticale ed orizzontale;Sereno;Intenso;Buona;Ore Diurne;0;0;0;2;;;-1;1;Autovettura privata;In marcia / fermata / arresto;Conducente;M;Illeso;0;;Non accertato;Inesistente
1865219;5;23/12/2010 13:00;Strada Urbana;VIA RINALDO D'AQUINO;da specificare;;;;rotatoria direzione Nomentana;Scontro laterale fra veicoli in marcia;Rotatoria;Una carreggiata a senso unico di marcia;Asciutto;Asfaltata;Verticale ed orizzontale;Sereno;Intenso;Buona;Ore Diurne;0;0;0;2;;;-1;2;Autocarro inferiore 35 q.;In marcia / fermata / arresto;Conducente;M;Illeso;0;;Non accertato;Inesistente
1865259;5;23/12/2010 22:10;Strada Urbana;VIA FIUMINATA;all'intersezione con;VIA FABRIANO;VIA FABRIANO;;;Scontro frontale/laterale SX fra veicoli in marcia;Incrocio;Una carreggiata a doppio senso;Bagnato (pioggia);Asfaltata;Verticale ed orizzontale;Pioggia in atto;Normale;Sufficiente;Sufficiente;0;0;0;2;;;-1;1;Autovettura privata;In marcia / fermata / arresto;Conducente;M;Illeso;0;;Non accertato;Inesistente
1865259;5;23/12/2010 22:10;Strada Urbana;VIA FIUMINATA;all'intersezione con;VIA FABRIANO;VIA FABRIANO;;;Scontro frontale/laterale SX fra veicoli in marcia;Incrocio;Una carreggiata a doppio senso;Bagnato (pioggia);Asfaltata;Verticale ed orizzontale;Pioggia in atto;Normale;Sufficiente;Sufficiente;0;0;0;2;;;-1;2;Autovettura privata;In marcia / fermata / arresto;Conducente;M;Illeso;0;;Non accertato;Inesistente
1865266;5;02/12/2010 08:45;Strada Urbana;VIA DEI MONTI TIBURTINI;da specificare;;;;altezza Osp. S. Pertini;Tamponamento;Rettilineo;Una carreggiata a senso unico di marcia;Bagnato (pioggia);Asfaltata;Verticale ed orizzontale;Pioggia in atto;Normale;Buona;Sufficiente;0;0;0;2;;;-1;1;Autovettura privata;In marcia / fermata / arresto;Conducente;M;Illeso;0;;Non accertato;Inesploso
1865266;5;02/12/2010 08:45;Strada Urbana;VIA DEI MONTI TIBURTINI;da specificare;;;;altezza Osp. S. Pertini;Tamponamento;Rettilineo;Una carreggiata a senso unico di marcia;Bagnato (pioggia);Asfaltata;Verticale ed orizzontale;Pioggia in atto;Normale;Buona;Sufficiente;0;0;0;2;;;-1;2;Autovettura privata;In marcia / fermata / arresto;Conducente;M;Illeso;0;;Non accertato;Inesistente
1865660;5;18/12/2010 16:20;Strada Urbana;VIA GIUSEPPE ANTONIO ANDRIULLI;da specificare;;;;PROSSIMITA' SVINCOLO A24;Scontro laterale fra veicoli in marcia;Rettilineo;Una carreggiata a senso unico di marcia;Asciutto;Asfaltata;Orizzontale;Sereno;Intenso;Buona;Ore Diurne;0;0;0;4;;;-1;1;Autovettura privata;In marcia / fermata / arresto;Conducente;M;Illeso;0;;Non accertato;Inesistente
1865660;5;18/12/2010 16:20;Strada Urbana;VIA GIUSEPPE ANTONIO ANDRIULLI;da specificare;;;;PROSSIMITA' SVINCOLO A24;Scontro laterale fra veicoli in marcia;Rettilineo;Una carreggiata a senso unico di marcia;Asciutto;Asfaltata;Orizzontale;Sereno;Intenso;Buona;Ore Diurne;0;0;0;4;;;-1;1;Autovettura privata;In marcia / fermata / arresto;Passeggero;F;Illeso;0;;Non accertato;Inesistente
1865660;5;18/12/2010 16:20;Strada Urbana;VIA GIUSEPPE ANTONIO ANDRIULLI;da specificare;;;;PROSSIMITA' SVINCOLO A24;Scontro laterale fra veicoli in marcia;Rettilineo;Una carreggiata a senso unico di marcia;Asciutto;Asfaltata;Orizzontale;Sereno;Intenso;Buona;Ore Diurne;0;0;0;4;;;-1;1;Autovettura privata;In marcia / fermata / arresto;Passeggero;M;Illeso;0;;Non accertato;Inesistente
1865660;5;18/12/2010 16:20;Strada Urbana;VIA GIUSEPPE ANTONIO ANDRIULLI;da specificare;;;;PROSSIMITA' SVINCOLO A24;Scontro laterale fra veicoli in marcia;Rettilineo;Una carreggiata a senso unico di marcia;Asciutto;Asfaltata;Orizzontale;Sereno;Intenso;Buona;Ore Diurne;0;0;0;4;;;-1;2;Trattore stradale;In marcia / fermata / arresto;Conducente;M;Illeso;0;;Non accertato;Inesistente
1866476;17;21/12/2010 02:35;Strada Urbana;VIA CORNELIA;all'intersezione con;VIA GIOVANNI SENZATERRA;VIA GIOVANNI SENZATERRA;;;Scontro frontale/laterale DX fra veicoli in marcia;Incrocio;Una carreggiata a senso unico di marcia;Bagnato (pioggia);Asfaltata;Verticale ed orizzontale;Nuvoloso;Scarso;Buona;Sufficiente;0;0;0;2;;;-1;1;Autovettura pubblica;In marcia / fermata / arresto;Conducente;M;Illeso;0;;Non accertato;Inesistente
1866476;17;21/12/2010 02:35;Strada Urbana;VIA CORNELIA;all'intersezione con;VIA GIOVANNI SENZATERRA;VIA GIOVANNI SENZATERRA;;;Scontro frontale/laterale DX fra veicoli in marcia;Incrocio;Una carreggiata a senso unico di marcia;Bagnato (pioggia);Asfaltata;Verticale ed orizzontale;Nuvoloso;Scarso;Buona;Sufficiente;0;0;0;2;;;-1;2;Autovettura privata;In marcia / fermata / arresto;Conducente;M;Illeso;0;;Non accertato;Inesistente
1866574;5;04/12/2010 19:15;Strada Urbana;VIA DEI MONTI TIBURTINI;da specificare;;;;all'altezza di via Giuseppe Seguenza;Scontro laterale fra veicoli in marcia;Rettilineo;Due carreggiate;Asciutto;Asfaltata;Verticale ed orizzontale;Sereno;Normale;Buona;Sufficiente;0;0;0;3;;;-1;1;Autovettura privata;In marcia / fermata / arresto;Conducente;M;Illeso;0;;Non accertato;Inesploso
1866574;5;04/12/2010 19:15;Strada Urbana;VIA DEI MONTI TIBURTINI;da specificare;;;;all'altezza di via Giuseppe Seguenza;Scontro laterale fra veicoli in marcia;Rettilineo;Due carreggiate;Asciutto;Asfaltata;Verticale ed orizzontale;Sereno;Normale;Buona;Sufficiente;0;0;0;3;;;-1;1;Autovettura privata;In marcia / fermata / arresto;Passeggero;M;Illeso;0;;Non accertato;Inesploso
1866574;5;04/12/2010 19:15;Strada Urbana;VIA DEI MONTI TIBURTINI;da specificare;;;;all'altezza di via Giuseppe Seguenza;Scontro laterale fra veicoli in marcia;Rettilineo;Due carreggiate;Asciutto;Asfaltata;Verticale ed orizzontale;Sereno;Normale;Buona;Sufficiente;0;0;0;3;;;-1;2;Autobus di linea;In marcia / fermata / arresto;Conducente;M;Illeso;0;;Esente;Inesploso
1867104;5;03/12/2010 12:45;Strada Urbana;VIA TIBURTINA;in prossimità;;del civico n. ;369;;Investimento di pedone;Rettilineo;Più di due carreggiate;Asciutto;Asfaltata;Verticale ed orizzontale;Sereno;Intenso;Buona;Ore Diurne;1;0;0;1;;;-1;;;;Pedone;M;Rimandato;0;NON DECEDUTO;;
1867104;5;03/12/2010 12:45;Strada Urbana;VIA TIBURTINA;in prossimità;;del civico n. ;369;;Investimento di pedone;Rettilineo;Più di due carreggiate;Asciutto;Asfaltata;Verticale ed orizzontale;Sereno;Intenso;Buona;Ore Diurne;1;0;0;1;;;-1;1;Motociclo a solo;In marcia / fermata / arresto;Conducente;M;Illeso;0;;Non accertato;Inesistente
1868137;5;19/12/2010 08:30;Strada Urbana;VIA ETTORE FIERAMOSCA;in prossimità;;del palo luce Acea;26;;Scontro frontale fra veicoli in marcia;Curva a visuale libera;Una carreggiata a senso unico alternato;Ghiacciato;Asfaltata;Verticale ed orizzontale;Sereno;Normale;Buona;Ore Diurne;1;0;0;1;;;-1;1;Autocarro inferiore 35 q.;In marcia / fermata / arresto;Conducente;M;Rimandato;0;NON DECEDUTO;Non accertato;Inesistente
1868137;5;19/12/2010 08:30;Strada Urbana;VIA ETTORE FIERAMOSCA;in prossimità;;del palo luce Acea;26;;Scontro frontale fra veicoli in marcia;Curva a visuale libera;Una carreggiata a senso unico alternato;Ghiacciato;Asfaltata;Verticale ed orizzontale;Sereno;Normale;Buona;Ore Diurne;1;0;0;1;;;-1;2;Autovettura privata;In marcia / fermata / arresto;Conducente;M;Illeso;0;;Non accertato;Inesistente
1868142;5;19/12/2010 19:30;Strada Urbana;VIA BENIAMINO DE RITIS;all'intersezione con;VIA TIBURTINA;VIA TIBURTINA;;;Scontro laterale fra veicoli in marcia;Incrocio;Più di due carreggiate;Bagnato (pioggia);Asfaltata;Verticale ed orizzontale;Nuvoloso;Intenso;Sufficiente;Sufficiente;1;0;0;2;;;-1;1;Autovettura privata;In marcia / fermata / arresto;Conducente;M;Illeso;0;;Non accertato;Inesistente
1868142;5;19/12/2010 19:30;Strada Urbana;VIA BENIAMINO DE RITIS;all'intersezione con;VIA TIBURTINA;VIA TIBURTINA;;;Scontro laterale fra veicoli in marcia;Incrocio;Più di due carreggiate;Bagnato (pioggia);Asfaltata;Verticale ed orizzontale;Nuvoloso;Intenso;Sufficiente;Sufficiente;1;0;0;2;;;-1;1;Autovettura privata;In marcia / fermata / arresto;Passeggero;F;Illeso;0;;Non accertato;Inesistente
1868142;5;19/12/2010 19:30;Strada Urbana;VIA BENIAMINO DE RITIS;all'intersezione con;VIA TIBURTINA;VIA TIBURTINA;;;Scontro laterale fra veicoli in marcia;Incrocio;Più di due carreggiate;Bagnato (pioggia);Asfaltata;Verticale ed orizzontale;Nuvoloso;Intenso;Sufficiente;Sufficiente;1;0;0;2;;;-1;2;Motociclo a solo;In marcia / fermata / arresto;Conducente;M;Rimandato;0;NON DECEDUTO;Non accertato;Inesistente
1868524;5;20/12/2010 17:45;Strada Urbana;VIA DI PIETRALATA;in prossimità;;del civico n. ;513;;Investimento di pedone;Rettilineo;Una carreggiata a doppio senso;Bagnato (umidità in atto);Asfaltata;Orizzontale;Nuvoloso;Normale;Sufficiente;Sufficiente;1;0;0;1;;;-1;;;;Pedone;F;Rimandato;0;NON DECEDUTO;;
1868524;5;20/12/2010 17:45;Strada Urbana;VIA DI PIETRALATA;in prossimità;;del civico n. ;513;;Investimento di pedone;Rettilineo;Una carreggiata a doppio senso;Bagnato (umidità in atto);Asfaltata;Orizzontale;Nuvoloso;Normale;Sufficiente;Sufficiente;1;0;0;1;;;-1;1;Autovettura privata;In marcia / fermata / arresto;Conducente;F;Illeso;0;;Non accertato;Inesistente
1868535;5;20/12/2010 18:45;Strada Urbana;VIA DI PORTONACCIO;all'intersezione con;VIA UMBERTO PARTINI;VIA UMBERTO PARTINI;;;Scontro laterale fra veicoli in marcia;Incrocio;Una carreggiata a doppio senso;Bagnato (pioggia);Asfaltata;Orizzontale;Nuvoloso;Intenso;Sufficiente;Sufficiente;1;0;0;2;;;-1;1;Motociclo a solo;In marcia / fermata / arresto;Conducente;M;Rimandato;0;NON DECEDUTO;Non accertato;Inesistente
1868535;5;20/12/2010 18:45;Strada Urbana;VIA DI PORTONACCIO;all'intersezione con;VIA UMBERTO PARTINI;VIA UMBERTO PARTINI;;;Scontro laterale fra veicoli in marcia;Incrocio;Una carreggiata a doppio senso;Bagnato (pioggia);Asfaltata;Orizzontale;Nuvoloso;Intenso;Sufficiente;Sufficiente;1;0;0;2;;;-1;2;Autovettura privata;In marcia / fermata / arresto;Conducente;M;Illeso;0;;Non accertato;Inesistente
1868535;5;20/12/2010 18:45;Strada Urbana;VIA DI PORTONACCIO;all'intersezione con;VIA UMBERTO PARTINI;VIA UMBERTO PARTINI;;;Scontro laterale fra veicoli in marcia;Incrocio;Una carreggiata a doppio senso;Bagnato (pioggia);Asfaltata;Orizzontale;Nuvoloso;Intenso;Sufficiente;Sufficiente;1;0;0;2;;;-1;3;Autovettura privata;In marcia / fermata / arresto;Conducente;M;Illeso;0;;Non accertato;Inesistente
1868558;5;20/12/2010 18:00;Strada Urbana;VIA TIBURTINA;in prossimità;;del civico n. ;364;;Investimento di pedone;Rettilineo;Più di due carreggiate;Asciutto;Asfaltata;Verticale ed orizzontale;Nuvoloso;Normale;Buona;Sufficiente;1;0;0;1;;;-1;;;;Pedone;M;Illeso;0;;;
1868558;5;20/12/2010 18:00;Strada Urbana;VIA TIBURTINA;in prossimità;;del civico n. ;364;;Investimento di pedone;Rettilineo;Più di due carreggiate;Asciutto;Asfaltata;Verticale ed orizzontale;Nuvoloso;Normale;Buona;Sufficiente;1;0;0;1;;;-1;1;Motociclo a solo;In marcia / fermata / arresto;Conducente;M;Rimandato;0;NON DECEDUTO;Utilizzato;Inesistente
1868564;5;01/12/2010 17:30;Strada Urbana;VIA DEL CASALE DI S. BASILIO;all'intersezione con;VIA TINO BUAZZELLI;VIA TINO BUAZZELLI;;;Scontro frontale/laterale DX fra veicoli in marcia;Incrocio;Una carreggiata a doppio senso;Asciutto;Asfaltata;Verticale ed orizzontale;Sereno;Normale;Buona;Ore Diurne;1;0;0;3;;;-1;1;Autovettura privata;In marcia / fermata / arresto;Conducente;M;Illeso;0;;Non accertato;Inesistente
1868564;5;01/12/2010 17:30;Strada Urbana;VIA DEL CASALE DI S. BASILIO;all'intersezione con;VIA TINO BUAZZELLI;VIA TINO BUAZZELLI;;;Scontro frontale/laterale DX fra veicoli in marcia;Incrocio;Una carreggiata a doppio senso;Asciutto;Asfaltata;Verticale ed orizzontale;Sereno;Normale;Buona;Ore Diurne;1;0;0;3;;;-1;1;Autovettura privata;In marcia / fermata / arresto;Passeggero;M;Rimandato;0;NON DECEDUTO;Non accertato;Inesistente
1868564;5;01/12/2010 17:30;Strada Urbana;VIA DEL CASALE DI S. BASILIO;all'intersezione con;VIA TINO BUAZZELLI;VIA TINO BUAZZELLI;;;Scontro frontale/laterale DX fra veicoli in marcia;Incrocio;Una carreggiata a doppio senso;Asciutto;Asfaltata;Verticale ed orizzontale;Sereno;Normale;Buona;Ore Diurne;1;0;0;3;;;-1;2;Autovettura privata;In marcia / fermata / arresto;Conducente;M;Illeso;0;;Non accertato;Inesistente
1868564;5;01/12/2010 17:30;Strada Urbana;VIA DEL CASALE DI S. BASILIO;all'intersezione con;VIA TINO BUAZZELLI;VIA TINO BUAZZELLI;;;Scontro frontale/laterale DX fra veicoli in marcia;Incrocio;Una carreggiata a doppio senso;Asciutto;Asfaltata;Verticale ed orizzontale;Sereno;Normale;Buona;Ore Diurne;1;0;0;3;;;-1;2;Autovettura privata;In marcia / fermata / arresto;Passeggero;M;Illeso;0;;Non accertato;Inesistente
1868575;5;21/12/2010 10:15;Strada Urbana;VIA TIBURTINA;all'intersezione con;VIA DELLE MESSI D'ORO;VIA DELLE MESSI D'ORO;;;Scontro frontale/laterale SX fra veicoli in marcia;Intersezione stradale segnalata;Una carreggiata a doppio senso;Asciutto;Asfaltata;Verticale ed orizzontale;Sereno;Normale;Buona;Ore Diurne;1;0;0;2;;;-1;1;Motociclo a solo;In marcia / fermata / arresto;Conducente;M;Rimandato;0;NON DECEDUTO;Non accertato;Inesistente
1868575;5;21/12/2010 10:15;Strada Urbana;VIA TIBURTINA;all'intersezione con;VIA DELLE MESSI D'ORO;VIA DELLE MESSI D'ORO;;;Scontro frontale/laterale SX fra veicoli in marcia;Intersezione stradale segnalata;Una carreggiata a doppio senso;Asciutto;Asfaltata;Verticale ed orizzontale;Sereno;Normale;Buona;Ore Diurne;1;0;0;2;;;-1;2;Autovettura privata;In marcia / fermata / arresto;Conducente;M;Illeso;0;;Non accertato;Inesistente
1868575;5;21/12/2010 10:15;Strada Urbana;VIA TIBURTINA;all'intersezione con;VIA DELLE MESSI D'ORO;VIA DELLE MESSI D'ORO;;;Scontro frontale/laterale SX fra veicoli in marcia;Intersezione stradale segnalata;Una carreggiata a doppio senso;Asciutto;Asfaltata;Verticale ed orizzontale;Sereno;Normale;Buona;Ore Diurne;1;0;0;2;;;-1;2;Autovettura privata;In marcia / fermata / arresto;Passeggero;M;Illeso;0;;Non accertato;Inesistente
1868651;5;25/12/2010 02:45;Strada Urbana;VIA DEL CASALE DI S. BASILIO;all'intersezione con;VIA TINO BUAZZELLI;VIA TINO BUAZZELLI;;;Scontro frontale/laterale SX fra veicoli in marcia;Incrocio;Una carreggiata a doppio senso;Bagnato (umidità in atto);Asfaltata;Verticale ed orizzontale;Nuvoloso;Scarso;Sufficiente;Sufficiente;3;0;0;3;;;-1;1;Autovettura privata;In marcia / fermata / arresto;Conducente;M;Illeso;0;;Non accertato;Inesploso
1868651;5;25/12/2010 02:45;Strada Urbana;VIA DEL CASALE DI S. BASILIO;all'intersezione con;VIA TINO BUAZZELLI;VIA TINO BUAZZELLI;;;Scontro frontale/laterale SX fra veicoli in marcia;Incrocio;Una carreggiata a doppio senso;Bagnato (umidità in atto);Asfaltata;Verticale ed orizzontale;Nuvoloso;Scarso;Sufficiente;Sufficiente;3;0;0;3;;;-1;1;Autovettura privata;In marcia / fermata / arresto;Passeggero;F;Rimandato;0;NON DECEDUTO;Non accertato;Esploso