Protocollo;Gruppo;DataOraIncidente;Localizzazione1;STRADA1;Localizzazione2;STRADA2;Strada02;Chilometrica;DaSpecificare;NaturaIncidente;particolaritastrade;TipoStrada;FondoStradale;Pavimentazione;Segnaletica;CondizioneAtmosferica;Traffico;Visibilita;Illuminazione;NUM_FERITI;NUM_RISERVATA;NUM_MORTI;NUM_ILLESI;Longitudine;Latitudine;Confermato;Progressivo;TipoVeicolo;StatoVeicolo;TipoPersona;Sesso;Tipolesione;Deceduto;DecedutoDopo;CinturaCascoUtilizzato;Airbag
1871993;5;23/12/2010 19:25;Strada Urbana;VIA TIBURTINA;all'intersezione semaforizzata con;VIA GALLA PLACIDIA;VIA GALLA PLACIDIA;;;Investimento di pedone;Intersezione semaforizzata;Più di due carreggiate;Bagnato (pioggia);Asfaltata;Verticale ed orizzontale;Pioggia in atto;Normale;Buona;Sufficiente;1;0;0;1;;;-1;1;Autovettura privata;In marcia / fermata / arresto;Conducente;F;Illeso;0;;Non accertato;Inesistente
1872033;5;02/12/2010 11:20;Strada Urbana;VIA TIBURTINA;in prossimità;;del civico n. ;526;;Investimento di pedone;Rettilineo;Più di due carreggiate;Asciutto;Asfaltata;Verticale ed orizzontale;Sereno;Intenso;Buona;Ore Diurne;1;0;0;1;;;-1;;;;Pedone;F;Rimandato;0;NON DECEDUTO;;
1872033;5;02/12/2010 11:20;Strada Urbana;VIA TIBURTINA;in prossimità;;del civico n. ;526;;Investimento di pedone;Rettilineo;Più di due carreggiate;Asciutto;Asfaltata;Verticale ed orizzontale;Sereno;Intenso;Buona;Ore Diurne;1;0;0;1;;;-1;1;Ciclomotore;In marcia / fermata / arresto;Conducente;F;Illeso;0;;Non accertato;Inesistente
1872114;5;23/12/2010 06:50;Strada Urbana;VIA DEL BADILE;all'intersezione con;PIAZZA DI S. MARIA DEL SOCCORSO;PIAZZA DI S. MARIA DEL SOCCORSO;;;Tamponamento;Intersezione non regolata/non segnalata;Una carreggiata a doppio senso;Bagnato (umidità in atto);Asfaltata;Verticale ed orizzontale;Nuvoloso;Normale;Buona;Ore Diurne;3;0;0;0;;;-1;1;Autovettura privata;In marcia / fermata / arresto;Conducente;M;Rimandato;0;NON DECEDUTO;Non accertato;Inesistente
1872114;5;23/12/2010 06:50;Strada Urbana;VIA DEL BADILE;all'intersezione con;PIAZZA DI S. MARIA DEL SOCCORSO;PIAZZA DI S. MARIA DEL SOCCORSO;;;Tamponamento;Intersezione non regolata/non segnalata;Una carreggiata a doppio senso;Bagnato (umidità in atto);Asfaltata;Verticale ed orizzontale;Nuvoloso;Normale;Buona;Ore Diurne;3;0;0;0;;;-1;1;Autovettura privata;In marcia / fermata / arresto;Passeggero;M;Rimandato;0;NON DECEDUTO;Non accertato;Inesistente
1872114;5;23/12/2010 06:50;Strada Urbana;VIA DEL BADILE;all'intersezione con;PIAZZA DI S. MARIA DEL SOCCORSO;PIAZZA DI S. MARIA DEL SOCCORSO;;;Tamponamento;Intersezione non regolata/non segnalata;Una carreggiata a doppio senso;Bagnato (umidità in atto);Asfaltata;Verticale ed orizzontale;Nuvoloso;Normale;Buona;Ore Diurne;3;0;0;0;;;-1;2;Autovettura privata;In marcia / fermata / arresto;Conducente;F;Rimandato;0;NON DECEDUTO;Non accertato;Inesistente
1872190;5;09/12/2010 18:40;Strada Urbana;VIA TIBURTINA;all'intersezione semaforizzata con;VIA GALLA PLACIDIA;VIA GALLA PLACIDIA;;;Investimento di pedone;Intersezione semaforizzata;Più di due carreggiate;Asciutto;Asfaltata;Verticale ed orizzontale;Sereno;Intenso;Buona;Sufficiente;1;0;0;2;;;-1;;;;Pedone;M;Rimandato;0;NON DECEDUTO;;
1872190;5;09/12/2010 18:40;Strada Urbana;VIA TIBURTINA;all'intersezione semaforizzata con;VIA GALLA PLACIDIA;VIA GALLA PLACIDIA;;;Investimento di pedone;Intersezione semaforizzata;Più di due carreggiate;Asciutto;Asfaltata;Verticale ed orizzontale;Sereno;Intenso;Buona;Sufficiente;1;0;0;2;;;-1;1;Autovettura privata;In marcia / fermata / arresto;Conducente;M;Illeso;0;;Non accertato;Inesistente
1872190;5;09/12/2010 18:40;Strada Urbana;VIA TIBURTINA;all'intersezione semaforizzata con;VIA GALLA PLACIDIA;VIA GALLA PLACIDIA;;;Investimento di pedone;Intersezione semaforizzata;Più di due carreggiate;Asciutto;Asfaltata;Verticale ed orizzontale;Sereno;Intenso;Buona;Sufficiente;1;0;0;2;;;-1;1;Autovettura privata;In marcia / fermata / arresto;Passeggero;F;Illeso;0;;Non accertato;Inesistente
1872284;5;13/12/2010 09:15;Strada Urbana;VIA DEL CASALE DI S. BASILIO;in prossimità;;del civico n. ;264;;Scontro frontale fra veicoli in marcia;Rettilineo;Una carreggiata a doppio senso;Asciutto;Asfaltata;Verticale ed orizzontale;Sereno;Intenso;Buona;Ore Diurne;1;0;0;2;;;-1;1;Autovettura privata;In marcia / fermata / arresto;Conducente;M;Illeso;0;;Non accertato;Inesistente
1872284;5;13/12/2010 09:15;Strada Urbana;VIA DEL CASALE DI S. BASILIO;in prossimità;;del civico n. ;264;;Scontro frontale fra veicoli in marcia;Rettilineo;Una carreggiata a doppio senso;Asciutto;Asfaltata;Verticale ed orizzontale;Sereno;Intenso;Buona;Ore Diurne;1;0;0;2;;;-1;2;Autovettura privata;In marcia / fermata / arresto;Conducente;M;Illeso;0;;Non accertato;Inesistente
1872284;5;13/12/2010 09:15;Strada Urbana;VIA DEL CASALE DI S. BASILIO;in prossimità;;del civico n. ;264;;Scontro frontale fra veicoli in marcia;Rettilineo;Una carreggiata a doppio senso;Asciutto;Asfaltata;Verticale ed orizzontale;Sereno;Intenso;Buona;Ore Diurne;1;0;0;2;;;-1;3;Ciclomotore;In marcia / fermata / arresto;Conducente;M;Rimandato;0;NON DECEDUTO;Non accertato;Inesistente
1872373;5;28/12/2010 23:15;Strada Urbana;VIA PIEVEBOVIGLIANA;all'intersezione con;VIA MONDOLFO;VIA MONDOLFO;;;Scontro frontale/laterale SX fra veicoli in marcia;Incrocio;Una carreggiata a senso unico di marcia;Asciutto;Asfaltata;Verticale;Sereno;Scarso;Buona;Sufficiente;2;0;0;3;;;-1;1;Autovettura privata;In marcia / fermata / arresto;Conducente;F;Illeso;0;;Non accertato;Inesistente
1872373;5;28/12/2010 23:15;Strada Urbana;VIA PIEVEBOVIGLIANA;all'intersezione con;VIA MONDOLFO;VIA MONDOLFO;;;Scontro frontale/laterale SX fra veicoli in marcia;Incrocio;Una carreggiata a senso unico di marcia;Asciutto;Asfaltata;Verticale;Sereno;Scarso;Buona;Sufficiente;2;0;0;3;;;-1;1;Autovettura privata;In marcia / fermata / arresto;Passeggero;F;Illeso;0;;Non accertato;Inesistente
1872373;5;28/12/2010 23:15;Strada Urbana;VIA PIEVEBOVIGLIANA;all'intersezione con;VIA MONDOLFO;VIA MONDOLFO;;;Scontro frontale/laterale SX fra veicoli in marcia;Incrocio;Una carreggiata a senso unico di marcia;Asciutto;Asfaltata;Verticale;Sereno;Scarso;Buona;Sufficiente;2;0;0;3;;;-1;2;Autovettura privata;In marcia / fermata / arresto;Conducente;M;Rimandato;0;NON DECEDUTO;Non accertato;Inesistente
1872373;5;28/12/2010 23:15;Strada Urbana;VIA PIEVEBOVIGLIANA;all'intersezione con;VIA MONDOLFO;VIA MONDOLFO;;;Scontro frontale/laterale SX fra veicoli in marcia;Incrocio;Una carreggiata a senso unico di marcia;Asciutto;Asfaltata;Verticale;Sereno;Scarso;Buona;Sufficiente;2;0;0;3;;;-1;2;Autovettura privata;In marcia / fermata / arresto;Passeggero;F;Rimandato;0;NON DECEDUTO;Non accertato;Inesistente
1872373;5;28/12/2010 23:15;Strada Urbana;VIA PIEVEBOVIGLIANA;all'intersezione con;VIA MONDOLFO;VIA MONDOLFO;;;Scontro frontale/laterale SX fra veicoli in marcia;Incrocio;Una carreggiata a senso unico di marcia;Asciutto;Asfaltata;Verticale;Sereno;Scarso;Buona;Sufficiente;2;0;0;3;;;-1;2;Autovettura privata;In marcia / fermata / arresto;Passeggero;M;Illeso;0;;Non accertato;Inesistente
1872445;5;04/12/2010 10:40;Strada Urbana;VIALE DELLA SERENISSIMA;da specificare;;;;prossimità svincolo A24;Veicolo in marcia contro ostacolo fisso;Rettilineo;Una carreggiata a senso unico di marcia;Asciutto;Asfaltata;Verticale ed orizzontale;Nuvoloso;Normale;Buona;Ore Diurne;1;0;0;0;;;-1;1;Autovettura privata;In marcia / fermata / arresto;Conducente;F;Rimandato;0;NON DECEDUTO;Non accertato;Esploso
1872457;5;10/12/2010 19:10;Strada Urbana;VIA POLLENZA;in prossimità;;del civico n. ;46;;Scontro laterale fra veicoli in marcia;Rettilineo;Una carreggiata a doppio senso;Asciutto;Asfaltata;Verticale ed orizzontale;Sereno;Scarso;Sufficiente;Sufficiente;1;0;0;2;;;-1;1;Autovettura privata;In marcia / fermata / arresto;Conducente;M;Illeso;0;;Non accertato;Inesistente
1872457;5;10/12/2010 19:10;Strada Urbana;VIA POLLENZA;in prossimità;;del civico n. ;46;;Scontro laterale fra veicoli in marcia;Rettilineo;Una carreggiata a doppio senso;Asciutto;Asfaltata;Verticale ed orizzontale;Sereno;Scarso;Sufficiente;Sufficiente;1;0;0;2;;;-1;1;Autovettura privata;In marcia / fermata / arresto;Passeggero;F;Illeso;0;;Non accertato;Inesistente
1872457;5;10/12/2010 19:10;Strada Urbana;VIA POLLENZA;in prossimità;;del civico n. ;46;;Scontro laterale fra veicoli in marcia;Rettilineo;Una carreggiata a doppio senso;Asciutto;Asfaltata;Verticale ed orizzontale;Sereno;Scarso;Sufficiente;Sufficiente;1;0;0;2;;;-1;2;Motociclo a solo;In marcia / fermata / arresto;Conducente;M;Rimandato;0;NON DECEDUTO;Non accertato;Inesistente
1872651;5;10/12/2010 20:00;Strada Urbana;VIA COLLATINA VECCHIA;da specificare;;;;prossimita via della martora;Tamponamento;Rettilineo;Una carreggiata a doppio senso;Asciutto;Asfaltata;Assente;Sereno;Normale;Insufficiente;Inesistente;1;0;0;1;;;-1;1;Autovettura privata;In marcia / fermata / arresto;Conducente;M;Illeso;0;;Non accertato;Inesistente
1872651;5;10/12/2010 20:00;Strada Urbana;VIA COLLATINA VECCHIA;da specificare;;;;prossimita via della martora;Tamponamento;Rettilineo;Una carreggiata a doppio senso;Asciutto;Asfaltata;Assente;Sereno;Normale;Insufficiente;Inesistente;1;0;0;1;;;-1;2;Motociclo a solo;In marcia / fermata / arresto;Conducente;M;Rimandato;0;NON DECEDUTO;Non accertato;Inesistente
1872712;5;13/12/2010 13:40;Strada Urbana;VIA TIBURTINA;in corrispondenza;;del civico n. ;1150;;Scontro laterale fra veicoli in marcia;Rettilineo;Una carreggiata a doppio senso;Asciutto;Asfaltata;Verticale ed orizzontale;Sereno;Normale;Buona;Ore Diurne;1;0;0;1;;;-1;1;Autovettura privata;In marcia / fermata / arresto;Conducente;M;Illeso;0;;Non accertato;Inesistente
1872712;5;13/12/2010 13:40;Strada Urbana;VIA TIBURTINA;in corrispondenza;;del civico n. ;1150;;Scontro laterale fra veicoli in marcia;Rettilineo;Una carreggiata a doppio senso;Asciutto;Asfaltata;Verticale ed orizzontale;Sereno;Normale;Buona;Ore Diurne;1;0;0;1;;;-1;2;Motociclo a solo;In marcia / fermata / arresto;Conducente;M;Rimandato;0;NON DECEDUTO;Non accertato;Inesistente
1873065;5;22/12/2010 19:50;Strada Urbana;VIA DI CASAL BIANCO;all'intersezione con;VIALE ATTILIO BERTOLUCCI;VIALE ATTILIO BERTOLUCCI;;;Scontro frontale fra veicoli in marcia;Incrocio;Una carreggiata a doppio senso;Bagnato (umidità in atto);Asfaltata;Verticale ed orizzontale;Sereno;Intenso;Buona;Sufficiente;6;0;0;1;;;-1;1;Autovettura privata;In marcia / fermata / arresto;Conducente;M;Illeso;0;;Non accertato;Esploso
1873065;5;22/12/2010 19:50;Strada Urbana;VIA DI CASAL BIANCO;all'intersezione con;VIALE ATTILIO BERTOLUCCI;VIALE ATTILIO BERTOLUCCI;;;Scontro frontale fra veicoli in marcia;Incrocio;Una carreggiata a doppio senso;Bagnato (umidità in atto);Asfaltata;Verticale ed orizzontale;Sereno;Intenso;Buona;Sufficiente;6;0;0;1;;;-1;1;Autovettura privata;In marcia / fermata / arresto;Passeggero;F;Rimandato;0;NON DECEDUTO;Non accertato;Inesistente
1873065;5;22/12/2010 19:50;Strada Urbana;VIA DI CASAL BIANCO;all'intersezione con;VIALE ATTILIO BERTOLUCCI;VIALE ATTILIO BERTOLUCCI;;;Scontro frontale fra veicoli in marcia;Incrocio;Una carreggiata a doppio senso;Bagnato (umidità in atto);Asfaltata;Verticale ed orizzontale;Sereno;Intenso;Buona;Sufficiente;6;0;0;1;;;-1;1;Autovettura privata;In marcia / fermata / arresto;Passeggero;M;Rimandato;0;NON DECEDUTO;Non accertato;Inesistente
1873065;5;22/12/2010 19:50;Strada Urbana;VIA DI CASAL BIANCO;all'intersezione con;VIALE ATTILIO BERTOLUCCI;VIALE ATTILIO BERTOLUCCI;;;Scontro frontale fra veicoli in marcia;Incrocio;Una carreggiata a doppio senso;Bagnato (umidità in atto);Asfaltata;Verticale ed orizzontale;Sereno;Intenso;Buona;Sufficiente;6;0;0;1;;;-1;2;Autovettura privata;In marcia / fermata / arresto;Conducente;F;Rimandato;0;NON DECEDUTO;Non accertato;Inesistente
1873065;5;22/12/2010 19:50;Strada Urbana;VIA DI CASAL BIANCO;all'intersezione con;VIALE ATTILIO BERTOLUCCI;VIALE ATTILIO BERTOLUCCI;;;Scontro frontale fra veicoli in marcia;Incrocio;Una carreggiata a doppio senso;Bagnato (umidità in atto);Asfaltata;Verticale ed orizzontale;Sereno;Intenso;Buona;Sufficiente;6;0;0;1;;;-1;2;Autovettura privata;In marcia / fermata / arresto;Passeggero;M;Rimandato;0;NON DECEDUTO;Non accertato;Inesistente
1873065;5;22/12/2010 19:50;Strada Urbana;VIA DI CASAL BIANCO;all'intersezione con;VIALE ATTILIO BERTOLUCCI;VIALE ATTILIO BERTOLUCCI;;;Scontro frontale fra veicoli in marcia;Incrocio;Una carreggiata a doppio senso;Bagnato (umidità in atto);Asfaltata;Verticale ed orizzontale;Sereno;Intenso;Buona;Sufficiente;6;0;0;1;;;-1;2;Autovettura privata;In marcia / fermata / arresto;Passeggero;F;Rimandato;0;NON DECEDUTO;Non accertato;Inesistente
1873065;5;22/12/2010 19:50;Strada Urbana;VIA DI CASAL BIANCO;all'intersezione con;VIALE ATTILIO BERTOLUCCI;VIALE ATTILIO BERTOLUCCI;;;Scontro frontale fra veicoli in marcia;Incrocio;Una carreggiata a doppio senso;Bagnato (umidità in atto);Asfaltata;Verticale ed orizzontale;Sereno;Intenso;Buona;Sufficiente;6;0;0;1;;;-1;2;Autovettura privata;In marcia / fermata / arresto;Passeggero;M;Rimandato;0;NON DECEDUTO;Non accertato;Inesistente
1873160;5;10/12/2010 08:45;Strada Urbana;VIA GIUSEPPE ANTONIO ANDRIULLI;da specificare;;;;SVINCOLO INVERSIONE DIREZIONE VIA TIBURTINA;Scontro laterale fra veicoli in marcia;Curva a visuale libera;Una carreggiata a senso unico di marcia;Asciutto;Asfaltata;Verticale ed orizzontale;Sereno;Intenso;Buona;Ore Diurne;1;0;0;1;;;-1;1;Autovettura privata;In marcia / fermata / arresto;Conducente;M;Illeso;0;;Non accertato;Inesistente
1873160;5;10/12/2010 08:45;Strada Urbana;VIA GIUSEPPE ANTONIO ANDRIULLI;da specificare;;;;SVINCOLO INVERSIONE DIREZIONE VIA TIBURTINA;Scontro laterale fra veicoli in marcia;Curva a visuale libera;Una carreggiata a senso unico di marcia;Asciutto;Asfaltata;Verticale ed orizzontale;Sereno;Intenso;Buona;Ore Diurne;1;0;0;1;;;-1;2;Motociclo a solo;In marcia / fermata / arresto;Conducente;M;Rimandato;0;NON DECEDUTO;Non accertato;Inesistente
1873298;5;02/12/2010 12:00;Strada Urbana;VIA DI CASAL BIANCO;all'intersezione con;VIA TIBURTINA;VIA TIBURTINA;;;Scontro frontale/laterale DX fra veicoli in marcia;Incrocio;Una carreggiata a senso unico di marcia;Asciutto;Asfaltata;Verticale ed orizzontale;Sereno;Normale;Buona;Ore Diurne;0;0;0;3;;;-1;1;Ciclomotore con passeggero;In marcia / fermata / arresto;Conducente;M;Illeso;0;;Non accertato;Inesistente
1873298;5;02/12/2010 12:00;Strada Urbana;VIA DI CASAL BIANCO;all'intersezione con;VIA TIBURTINA;VIA TIBURTINA;;;Scontro frontale/laterale DX fra veicoli in marcia;Incrocio;Una carreggiata a senso unico di marcia;Asciutto;Asfaltata;Verticale ed orizzontale;Sereno;Normale;Buona;Ore Diurne;0;0;0;3;;;-1;1;Ciclomotore con passeggero;In marcia / fermata / arresto;Passeggero;M;Illeso;0;;Non accertato;Inesistente
1873298;5;02/12/2010 12:00;Strada Urbana;VIA DI CASAL BIANCO;all'intersezione con;VIA TIBURTINA;VIA TIBURTINA;;;Scontro frontale/laterale DX fra veicoli in marcia;Incrocio;Una carreggiata a senso unico di marcia;Asciutto;Asfaltata;Verticale ed orizzontale;Sereno;Normale;Buona;Ore Diurne;0;0;0;3;;;-1;2;Autovettura privata;In marcia / fermata / arresto;Conducente;F;Illeso;0;;Non accertato;Inesistente
1873505;5;30/12/2010 16:35;Strada Urbana;VIA TIBURTINA;in prossimità;;del civico n. ;653/A;;Investimento di pedone;Rettilineo;Due carreggiate;Asciutto;Asfaltata;Verticale ed orizzontale;Nuvoloso;Normale;Buona;Ore Diurne;1;0;0;2;;;-1;;;;Pedone;F;Rimandato;0;NON DECEDUTO;;
1873505;5;30/12/2010 16:35;Strada Urbana;VIA TIBURTINA;in prossimità;;del civico n. ;653/A;;Investimento di pedone;Rettilineo;Due carreggiate;Asciutto;Asfaltata;Verticale ed orizzontale;Nuvoloso;Normale;Buona;Ore Diurne;1;0;0;2;;;-1;1;Autovettura privata;In marcia / fermata / arresto;Conducente;F;Illeso;0;;Non accertato;Inesistente
1873505;5;30/12/2010 16:35;Strada Urbana;VIA TIBURTINA;in prossimità;;del civico n. ;653/A;;Investimento di pedone;Rettilineo;Due carreggiate;Asciutto;Asfaltata;Verticale ed orizzontale;Nuvoloso;Normale;Buona;Ore Diurne;1;0;0;2;;;-1;1;Autovettura privata;In marcia / fermata / arresto;Passeggero;F;Illeso;0;;Non accertato;Inesploso
1873633;5;21/12/2010 17:00;Strada Urbana;VIA GIOVANNI ZANARDINI;da specificare;;;;altezza VIA NOMENTANA;Scontro frontale/laterale SX fra veicoli in marcia;Rettilineo;Una carreggiata a doppio senso;Asciutto;Asfaltata;Verticale ed orizzontale;Sereno;Intenso;Buona;Sufficiente;2;0;0;0;;;-1;1;Autovettura privata;In marcia / fermata / arresto;Conducente;M;Rimandato;0;NON DECEDUTO;Non accertato;Inesistente
1873633;5;21/12/2010 17:00;Strada Urbana;VIA GIOVANNI ZANARDINI;da specificare;;;;altezza VIA NOMENTANA;Scontro frontale/laterale SX fra veicoli in marcia;Rettilineo;Una carreggiata a doppio senso;Asciutto;Asfaltata;Verticale ed orizzontale;Sereno;Intenso;Buona;Sufficiente;2;0;0;0;;;-1;2;Autovettura privata;In marcia / fermata / arresto;Conducente;M;Rimandato;0;NON DECEDUTO;Non accertato;Esploso
1873657;5;28/12/2010 08:30;Strada Urbana;VIA COLLATINA VECCHIA;da specificare;;;;altezza FORNO;Tamponamento;Curva a visuale libera;Una carreggiata a doppio senso;Ghiacciato;Asfaltata;Verticale ed orizzontale;Sereno;Normale;Buona;Ore Diurne;2;0;0;1;;;-1;1;Autovettura privata;In marcia / fermata / arresto;Conducente;F;Rimandato;0;NON DECEDUTO;Non accertato;Inesistente
1873657;5;28/12/2010 08:30;Strada Urbana;VIA COLLATINA VECCHIA;da specificare;;;;altezza FORNO;Tamponamento;Curva a visuale libera;Una carreggiata a doppio senso;Ghiacciato;Asfaltata;Verticale ed orizzontale;Sereno;Normale;Buona;Ore Diurne;2;0;0;1;;;-1;2;Autovettura privata;In marcia / fermata / arresto;Conducente;F;Rimandato;0;NON DECEDUTO;Non accertato;Inesistente
1873657;5;28/12/2010 08:30;Strada Urbana;VIA COLLATINA VECCHIA;da specificare;;;;altezza FORNO;Tamponamento;Curva a visuale libera;Una carreggiata a doppio senso;Ghiacciato;Asfaltata;Verticale ed orizzontale;Sereno;Normale;Buona;Ore Diurne;2;0;0;1;;;-1;3;Autovettura privata;In marcia / fermata / arresto;Conducente;M;Illeso;0;;Non accertato;Inesistente
1873686;5;25/12/2010 13:40;Strada Urbana;VIA DI SALONE;all'intersezione con;VIA TIBURTINA;VIA TIBURTINA;;;Scontro frontale/laterale DX fra veicoli in marcia;Incrocio;Due carreggiate;Bagnato (pioggia);Asfaltata;Verticale ed orizzontale;Pioggia in atto;Normale;Buona;Ore Diurne;4;0;0;1;;;-1;1;Autovettura privata;In marcia / fermata / arresto;Conducente;M;Illeso;0;;Non accertato;Inesistente
1873686;5;25/12/2010 13:40;Strada Urbana;VIA DI SALONE;all'intersezione con;VIA TIBURTINA;VIA TIBURTINA;;;Scontro frontale/laterale DX fra veicoli in marcia;Incrocio;Due carreggiate;Bagnato (pioggia);Asfaltata;Verticale ed orizzontale;Pioggia in atto;Normale;Buona;Ore Diurne;4;0;0;1;;;-1;1;Autovettura privata;In marcia / fermata / arresto;Passeggero;F;Rimandato;0;NON DECEDUTO;Non accertato;Inesistente
1873686;5;25/12/2010 13:40;Strada Urbana;VIA DI SALONE;all'intersezione con;VIA TIBURTINA;VIA TIBURTINA;;;Scontro frontale/laterale DX fra veicoli in marcia;Incrocio;Due carreggiate;Bagnato (pioggia);Asfaltata;Verticale ed orizzontale;Pioggia in atto;Normale;Buona;Ore Diurne;4;0;0;1;;;-1;2;Autovettura privata;In marcia / fermata / arresto;Conducente;F;Rimandato;0;NON DECEDUTO;Non accertato;Inesistente
1873686;5;25/12/2010 13:40;Strada Urbana;VIA DI SALONE;all'intersezione con;VIA TIBURTINA;VIA TIBURTINA;;;Scontro frontale/laterale DX fra veicoli in marcia;Incrocio;Due carreggiate;Bagnato (pioggia);Asfaltata;Verticale ed orizzontale;Pioggia in atto;Normale;Buona;Ore Diurne;4;0;0;1;;;-1;2;Autovettura privata;In marcia / fermata / arresto;Passeggero;M;Rimandato;0;NON DECEDUTO;Non accertato;Inesistente
1873686;5;25/12/2010 13:40;Strada Urbana;VIA DI SALONE;all'intersezione con;VIA TIBURTINA;VIA TIBURTINA;;;Scontro frontale/laterale DX fra veicoli in marcia;Incrocio;Due carreggiate;Bagnato (pioggia);Asfaltata;Verticale ed orizzontale;Pioggia in atto;Normale;Buona;Ore Diurne;4;0;0;1;;;-1;2;Autovettura privata;In marcia / fermata / arresto;Passeggero;M;Rimandato;0;NON DECEDUTO;Non accertato;Inesistente
1873688;5;09/12/2010 17:50;Strada Urbana;VIA DI CASAL BIANCO;all'intersezione con;VIA RUBELLIA;VIA RUBELLIA;;;Scontro frontale/laterale SX fra veicoli in marcia;Incrocio;Una carreggiata a doppio senso;Asciutto;Asfaltata;Verticale ed orizzontale;Sereno;Normale;Sufficiente;Sufficiente;1;0;0;1;;;-1;1;Motociclo a solo;In marcia / fermata / arresto;Conducente;M;Rimandato;0;NON DECEDUTO;Non accertato;Inesistente
1873688;5;09/12/2010 17:50;Strada Urbana;VIA DI CASAL BIANCO;all'intersezione con;VIA RUBELLIA;VIA RUBELLIA;;;Scontro frontale/laterale SX fra veicoli in marcia;Incrocio;Una carreggiata a doppio senso;Asciutto;Asfaltata;Verticale ed orizzontale;Sereno;Normale;Sufficiente;Sufficiente;1;0;0;1;;;-1;2;Autovettura privata;In marcia / fermata / arresto;Conducente;F;Illeso;0;;Non accertato;Inesistente
1873690;5;22/12/2010 19:00;Strada Urbana;VIA DI CASAL BIANCO;da specificare;;;;200 metri prima della rotatoria;Scontro frontale fra veicoli in marcia;Rettilineo;Una carreggiata a doppio senso;Asciutto;Asfaltata;Verticale ed orizzontale;Nuvoloso;Scarso;Insufficiente;Inesistente;2;0;0;1;;;-1;1;Autovettura privata;In marcia / fermata / arresto;Conducente;M;Illeso;0;;Non accertato;Inesistente
1873690;5;22/12/2010 19:00;Strada Urbana;VIA DI CASAL BIANCO;da specificare;;;;200 metri prima della rotatoria;Scontro frontale fra veicoli in marcia;Rettilineo;Una carreggiata a doppio senso;Asciutto;Asfaltata;Verticale ed orizzontale;Nuvoloso;Scarso;Insufficiente;Inesistente;2;0;0;1;;;-1;2;Autovettura privata;In marcia / fermata / arresto;Conducente;M;Rimandato;0;NON DECEDUTO;Non accertato;Inesistente
1873690;5;22/12/2010 19:00;Strada Urbana;VIA DI CASAL BIANCO;da specificare;;;;200 metri prima della rotatoria;Scontro frontale fra veicoli in marcia;Rettilineo;Una carreggiata a doppio senso;Asciutto;Asfaltata;Verticale ed orizzontale;Nuvoloso;Scarso;Insufficiente;Inesistente;2;0;0;1;;;-1;3;Autovettura privata;In marcia / fermata / arresto;Conducente;M;Rimandato;0;NON DECEDUTO;Non accertato;Inesistente
1873702;5;25/12/2010 22:40;Strada Urbana;VIA DEL CASALE DI S. BASILIO;all'intersezione con;VIA FABRIANO;VIA FABRIANO;;;Scontro frontale/laterale SX fra veicoli in marcia;Incrocio;Una carreggiata a doppio senso;Bagnato (pioggia);Asfaltata;Orizzontale;Pioggia in atto;Scarso;Sufficiente;Sufficiente;1;0;0;4;;;-1;1;Autovettura privata;In marcia / fermata / arresto;Conducente;M;Illeso;0;;Non accertato;Inesistente
1873702;5;25/12/2010 22:40;Strada Urbana;VIA DEL CASALE DI S. BASILIO;all'intersezione con;VIA FABRIANO;VIA FABRIANO;;;Scontro frontale/laterale SX fra veicoli in marcia;Incrocio;Una carreggiata a doppio senso;Bagnato (pioggia);Asfaltata;Orizzontale;Pioggia in atto;Scarso;Sufficiente;Sufficiente;1;0;0;4;;;-1;2;Autovettura privata;In marcia / fermata / arresto;Conducente;M;Illeso;0;;Non accertato;Inesistente
1873702;5;25/12/2010 22:40;Strada Urbana;VIA DEL CASALE DI S. BASILIO;all'intersezione con;VIA FABRIANO;VIA FABRIANO;;;Scontro frontale/laterale SX fra veicoli in marcia;Incrocio;Una carreggiata a doppio senso;Bagnato (pioggia);Asfaltata;Orizzontale;Pioggia in atto;Scarso;Sufficiente;Sufficiente;1;0;0;4;;;-1;2;Autovettura privata;In marcia / fermata / arresto;Passeggero;M;Illeso;0;;Non accertato;Inesistente
1873702;5;25/12/2010 22:40;Strada Urbana;VIA DEL CASALE DI S. BASILIO;all'intersezione con;VIA FABRIANO;VIA FABRIANO;;;Scontro frontale/laterale SX fra veicoli in marcia;Incrocio;Una carreggiata a doppio senso;Bagnato (pioggia);Asfaltata;Orizzontale;Pioggia in atto;Scarso;Sufficiente;Sufficiente;1;0;0;4;;;-1;2;Autovettura privata;In marcia / fermata / arresto;Passeggero;F;Rimandato;0;NON DECEDUTO;Non accertato;Inesistente
1873702;5;25/12/2010 22:40;Strada Urbana;VIA DEL CASALE DI S. BASILIO;all'intersezione con;VIA FABRIANO;VIA FABRIANO;;;Scontro frontale/laterale SX fra veicoli in marcia;Incrocio;Una carreggiata a doppio senso;Bagnato (pioggia);Asfaltata;Orizzontale;Pioggia in atto;Scarso;Sufficiente;Sufficiente;1;0;0;4;;;-1;2;Autovettura privata;In marcia / fermata / arresto;Passeggero;F;Illeso;0;;Non accertato;Inesistente
1874002;5;28/12/2010 01:10;Strada Urbana;VIA OSTERIA DELLE CAPANNACCE;all'intersezione con;VIA DOGLIOLA;VIA DOGLIOLA;;;Veicolo in marcia contro ostacolo fisso;Incrocio;Una carreggiata a doppio senso;Asciutto;Strada pavimentata dissestata;Assente;Sereno;Scarso;Insufficiente;Inesistente;1;0;0;0;;;-1;1;Autovettura privata;In marcia / fermata / arresto;Conducente;M;Rimandato;0;NON DECEDUTO;Non accertato;Inesistente